state,date,cases.fitted,cases.fitted.hi,cases.fitted.lo,cum.incidence,deaths,deaths.diagnosed,deaths.diagnosed.hi,deaths.diagnosed.lo,deaths.fitted,deaths.fitted.hi,deaths.fitted.lo,deaths.hi,deaths.lo,diagnoses,diagnoses.hi,diagnoses.lo,infections,infections.hi,infections.lo,severe,severe.hi,severe.lo,symptomatic,symptomatic.hi,symptomatic.lo,data.available,Rt,Rt.lo,Rt.hi,NaiveRt,NaiveRt.lo,NaiveRt.hi,cum.incidence.lo,cum.incidence.hi,index
Michigan,2020-02-02,4.04480200448338e-6,0.0024300069898834124,4.5314043228497535e-9,3.2677235538150704,1.0068550727704644e-10,7.599864105417349e-11,1.2801544927229077e-9,2.989509559528882e-12,6.660636931484235e-15,9.587123743376693e-11,3.289861421014354e-20,1.6428687435081523e-9,4.249138289571873e-12,1.3746140976762724e-5,0.003997105131771721,4.719912415324171e-8,3.2677235538150704,58.21454025348424,0.10475947322262658,9.798485670829977e-8,1.7648641606331434e-6,3.1845378361244638e-9,0.005402544324844013,0.09684167336309057,1.7702608445112447e-4,FALSE,NA,NA,NA,NA,NA,NA,0.01224178500072938,44.70159136769289,1
Michigan,2020-02-03,1.0609783317215559e-4,0.0440546128566054,1.841039142767421e-7,6.934256362391282,4.401842494905274e-9,3.340662946037479e-9,5.5781119305448045e-8,1.3145704171063776e-10,4.756956222836433e-13,4.241038388462588e-9,3.906025285706632e-17,7.141380097067696e-8,1.8662629380799308e-10,3.617378287372961e-4,0.07136763760409169,1.8230750362263963e-6,3.592455082311791,58.13148891068509,0.14296794751342937,3.9510897941523755e-6,7.101111731491371e-5,1.2928751511719686e-7,0.09318859800170466,1.649193084150487,0.0030808523415990453,FALSE,NA,NA,NA,NA,NA,NA,0.028698828019329988,87.44643467549348,2
Michigan,2020-02-04,9.85214250189684e-4,0.2185725747117599,3.1946405603430857e-6,10.897767310002928,7.221163390220979e-8,5.4869495358184844e-8,9.1046567941904e-7,2.179838829237457e-9,1.3661996888232119e-11,7.099154429276544e-8,2.618773141417011e-15,1.1612300835243633e-6,3.0884351277443663e-9,0.003127253079260737,0.32298619325491273,2.4198080870347576e-5,4.066369345096099,61.685586024872364,0.20347384513750807,5.652397231752093e-5,0.0010110016244714417,1.8688956679139997e-6,0.3736495192258824,6.517412025521221,0.012793601523061568,FALSE,NA,NA,NA,NA,NA,NA,0.05038761861205707,127.0021561941787,3
Michigan,2020-02-05,0.004542364244918742,0.5862417527805611,2.662225511772211e-5,15.531838896294278,6.060529536713066e-7,4.6277085291835034e-7,7.593811213028913e-6,1.872046019004956e-8,2.097852898406719e-10,6.175533878382346e-7,8.55526343985893e-14,9.663656063869147e-6,2.6438852868642646e-8,0.012670081522569298,0.9292011041561175,1.401183726877524e-4,4.624143609517441,58.445831371621495,0.26284620263869873,3.8406805925937247e-4,0.006798269180231157,1.292826419949988e-5,0.8457564941582987,14.674153315024064,0.03125743837725861,FALSE,3.2093959015612312,2.09980857748885,8.3917349500833,NA,NA,NA,0.08037421165926693,167.92978850843906,4
Michigan,2020-02-06,0.014450898240008715,1.1569254996203342,1.309989244569719e-4,20.929522554400165,3.291697398559916e-6,2.565710172585724e-6,4.036602078705123e-5,1.0405867970531575e-7,1.9951426996498774e-9,3.52206774627398e-6,1.591587901499256e-12,5.1590836930953535e-5,1.4637029954935977e-7,0.03090318645524761,1.929878840123991,5.339459555231184e-4,5.290599932714457,59.14919442228779,0.3220366848121533,0.0016280039112141825,0.028542271365368514,5.672555373405409e-5,1.4331615883906612,23.28443232831868,0.059701305379281075,FALSE,2.5826982642183665,1.48407435628731,8.3917349500833,NA,NA,NA,0.1216194275197542,211.33066412408743,5
Michigan,2020-02-07,0.03186836657619749,2.0220838132106738,4.510852482994982e-4,27.295809793156547,1.3120048656421147e-5,1.0240498626990036e-5,1.568609316681814e-4,4.248437865052369e-7,1.3774205229182651e-8,1.5224171915653939e-5,2.0060143069511313e-11,2.0095093390828163e-4,5.954925716124397e-7,0.059962956696716974,2.8615361091749962,0.0015439082355856693,6.068497304703172,61.0567893555989,0.4230032848408171,0.005072085854376473,0.08692021162491337,1.8637827937849713e-4,2.0504367446543097,30.871725207788188,0.09716042474847739,FALSE,2.264343774938586,1.19696010115497,7.47758368315046,NA,NA,NA,0.17459060405652554,252.21637589193023,6
Michigan,2020-02-08,0.05821708045944961,2.726016606530898,0.0010018126279085942,34.296060418442124,4.127241313278278e-5,3.193374787426909e-5,4.774414125033653e-4,1.3812801659067589e-6,7.074145005549705e-8,5.4648664127786744e-5,1.6692961844456645e-10,6.186078064692128e-4,1.9283809027569218e-6,0.10054046876467679,3.5037139421688286,0.003391640940133158,6.963307630817279,63.813894300617775,0.5611277724342107,0.012496758823952412,0.2087012920506069,4.8617916592190067e-4,2.6423572870042467,37.20259278938205,0.1358851581024954,FALSE,2.0587248898175945,1.04649118656421,6.22363587896397,NA,NA,NA,0.24865633442294985,298.32513263997663,7
Michigan,2020-02-09,0.09376949250532673,3.222015991946571,0.0024160718902197518,42.4827886356416,1.0878561496695256e-4,8.406216350982293e-5,0.0012174997564379576,3.7736761675305853e-6,2.9814773514341824e-7,1.5599293482066134e-4,1.1526077731914936e-9,0.001591585582656752,5.24485033975093e-6,0.15328435053805844,4.076687713950965,0.006571125317562768,7.991386941559503,66.47679264977995,0.7362519151546485,0.026016955082325356,0.4306239482252435,0.0010801027967604158,3.1903269714081013,41.622193276398235,0.1810515653876066,FALSE,1.9978263782364616,0.976774579002283,5.38426162103989,NA,NA,NA,0.36336591161117104,348.772063049636,8
Michigan,2020-02-10,0.13997431204649527,3.8182372228962813,0.004966779471819942,52.389280386555015,2.492288076885446e-4,1.908613332396771e-4,0.002753163523333068,8.839148490624166e-6,1.0347371441890705e-6,4.0518030889163796e-4,6.0431727565457296e-9,0.003559745797080138,1.2181285212268764e-5,0.2120670565542449,4.233285042575592,0.011058568639234283,9.450149182258452,76.54901952097116,0.941193621541908,0.048149099534939815,0.7590783431145115,0.002129691498040452,3.8872688764138337,43.32829163580425,0.23741472061177166,FALSE,1.9835029710763132,0.951229139723592,4.98835932806225,NA,NA,NA,0.5374212029166003,395.6023061774932,9
Michigan,2020-02-11,0.19690452010804863,4.176288432590204,0.008752257926694002,64.70872202170389,5.038833978389757e-4,3.897454788190838e-4,0.0055970151650239705,1.831111507967231e-5,3.0567161292883244e-6,9.095178971526806e-4,2.5426830229525135e-8,0.007147369384775582,2.582307216068882e-5,0.28244700801518735,4.673996332530676,0.016169955643667987,11.269066443920812,86.19754787660167,1.1673831490363296,0.08003390644856706,1.2068078490349758,0.003786549309409643,4.4962164225429895,48.02789714376052,0.3265228257998858,FALSE,1.9811223479088018,0.953905250196387,4.55129364235208,NA,NA,NA,0.7310330345496505,465.7392838777369,10
Michigan,2020-02-12,0.2633119296721502,4.574122133867943,0.012910046279239456,78.72871781046848,9.415979872842021e-4,7.284823077271481e-4,0.010199488417144298,3.468875866813261e-5,7.944522379756155e-6,0.0019060021319690368,8.478460280681311e-8,0.013036743437159081,4.908072390369763e-5,0.3583276751392179,5.026481582292569,0.023692961296696603,13.330301780689634,93.84032084923385,1.6002237478845096,0.12299124603144462,1.7958890643946008,0.006169598527004198,5.262431846605721,49.97209869294919,0.42475211065213403,FALSE,2.018106724704313,0.952774268858002,4.13901436410241,NA,NA,NA,0.9762010648296277,529.2760610925225,11
Michigan,2020-02-13,0.3376926659330981,5.077512110035416,0.019944697332814475,96.06132050912237,0.0016233406321482444,0.0012442643660297245,0.017165011022860343,6.0996307377728146e-5,1.929110432352185e-5,0.0037332627345654738,2.6139911721404673e-7,0.021951338641525847,8.671575737189023e-5,0.4496444430793623,5.2710571075954284,0.034317818606617284,16.22190239249405,106.96040618644321,2.03035569053442,0.17691876470105627,2.4652184829994424,0.009560509863090236,6.216210463612272,52.72068769156133,0.5805663968742201,FALSE,2.084517355073232,0.98424382569424,4.01033702710357,NA,NA,NA,1.3035007721269236,616.4224776488959,12
Michigan,2020-02-14,0.42543323528409027,5.361730985546027,0.030392587992785297,117.06249086590964,0.0026401215907722346,0.001998011991572443,0.02689177147818133,1.0497629869773108e-4,4.234343508523475e-5,0.006366796260746458,7.488590783306569e-7,0.03455882618618979,1.4810023896876613e-4,0.5394125003345742,5.718843545902411,0.04828119223034672,19.94404977588917,123.16706823202175,2.7417982101304954,0.2426665252622116,3.1905557927765704,0.013619612131855623,7.356313244478015,55.073414595371986,0.7107481932919614,FALSE,2.1767701371039463,1.06329386242089,3.99215406769702,NA,NA,NA,1.7593248678778648,684.353189383126,13
Michigan,2020-02-15,0.5229512308793798,5.737614930161261,0.0436351517863858,144.52586097920613,0.00403049978288726,0.003068493411343861,0.03952707478180542,1.674252651649791e-4,8.46071608289296e-5,0.01015216919637628,1.8343430794517395e-6,0.05139675574133346,2.335028600979415e-4,0.673668213074995,6.172645125076596,0.06772811593401307,24.635112198863993,155.13644913626405,3.56093578161214,0.31943697707619634,3.937172768345327,0.019516954474706902,8.79180332270683,64.08141468933903,0.9537749880544902,FALSE,2.2466283377574117,1.18307968742521,3.96091041637352,NA,NA,NA,2.4226767964412983,755.9838605027294,14
Michigan,2020-02-16,0.6359433975121267,6.439662148107724,0.06497032715505908,179.42041505501876,0.005893698641185422,0.004504263967979496,0.0556194468360748,2.6872477177910034e-4,1.6253457506856407e-4,0.015116907136446471,3.960541171787934e-6,0.07282073402790562,3.640563099320942e-4,0.8296859554892344,6.8667699024662054,0.09585281062883594,31.39342402278202,199.49261943195813,4.7459442131017004,0.40893284423803156,4.682285260848651,0.026701228397550895,10.43621881245418,71.74835615813296,1.2850335520756342,FALSE,2.350330363588497,1.20738336881618,4.10908540976984,NA,NA,NA,3.438632802344941,895.6779649151532,15
Michigan,2020-02-17,0.775007583298721,6.991315420496894,0.09389607877605705,219.43870513142693,0.008297058702543412,0.006338636802503522,0.07440777656268444,4.052723054268299e-4,2.856625339441351e-4,0.022299350982393412,7.946636801097471e-6,0.0989814055918099,5.340756300147997e-4,1.0375573995710303,7.531627522134739,0.13129773564825428,39.05695506352953,256.555955772172,6.131399662238902,0.5111698441376704,5.4803582109907065,0.037479127281532854,12.417557978404862,77.64286483435811,1.6810543843755026,FALSE,2.4439384787684153,1.27203189342408,4.11857009514518,NA,NA,NA,10.524380963674112,1105.1779497632333,16
Michigan,2020-02-18,0.9498506984620149,7.621426699952416,0.12943140424334035,277.5068888842818,0.011448643892711233,0.008644909463554605,0.09618966048405747,5.923747984989111e-4,4.850831625557642e-4,0.029553401792664705,1.5403017044396664e-5,0.12719907335239558,7.592522599939152e-4,1.2704701280728168,8.384676238887842,0.18582489343708913,49.94613678423129,334.7465150147591,7.822863825435454,0.6403051486394129,6.275532675555093,0.05323363293216646,15.25452238554374,93.10479302859008,2.246449507987769,FALSE,2.546034640284961,1.39579002781816,4.24454388924615,NA,NA,NA,11.235926450101026,1321.7760092462872,17
Michigan,2020-02-19,1.157742410909958,8.571314661346378,0.170318325362945,340.80864334874605,0.015292667329831715,0.011411197603641385,0.12236932423635519,8.480356095165698e-4,7.853581646859872e-4,0.03823738766621132,2.73572442374791e-5,0.16195350885667673,0.0010913932700384692,1.5762340367856833,9.986929274780282,0.25000178827098296,65.63409269614544,437.291775752021,10.259968407570792,0.8037185730490077,6.898225776939766,0.07416384248224514,18.654709191501993,117.93322732707333,2.9233415295625536,FALSE,2.662760454257166,1.4628449858339,4.3620350739862,NA,NA,NA,9.766261812107679,1623.5582570311747,18
Michigan,2020-02-20,1.446154063955965,9.612075209078615,0.23499696062531905,431.4116774237867,0.019592904842331702,0.014736647225898052,0.15276628177704193,0.0011956163032037668,0.0012307844339362207,0.04797008935039268,4.6276584581717664e-5,0.20235536100481666,0.0015443770854608036,1.9449485002081168,10.66907021022472,0.3328310859402639,85.29547222159518,578.0536044576404,13.965942655097589,0.9781874689474014,7.696802987958559,0.09640748112174227,23.506558665586454,146.30654776528797,3.740537061773245,FALSE,2.774362016952181,1.56815755282592,4.48710763431712,NA,NA,NA,20.026511896472,2070.8215293235316,19
Michigan,2020-02-21,1.8079151107080527,10.8089027623672,0.2996678157614914,558.7068875810229,0.025003000062304347,0.01900024103500724,0.1832159305157074,0.0016523110434404447,0.0018298821865439922,0.06169066075707389,7.865050266632397e-5,0.24667434019301965,0.0020743035554195064,2.404267558845862,12.563600257414869,0.45122366720359885,114.23302476912488,745.4244983372722,18.92230785594745,1.183329486428708,8.58104190581382,0.1324479176079941,29.864165179172083,181.98598424355927,4.886803685734933,FALSE,2.8782299194012135,1.66099067105838,4.56999697240518,NA,NA,NA,22.97331876628413,2645.2715336022243,20
Michigan,2020-02-22,2.2378193832934485,12.1302046504989,0.43675725962756395,719.114689868959,0.031423799628088965,0.023921853634247335,0.22276516079948225,0.0022823931896931117,0.0026342371662122625,0.07680422903249673,1.2620931800062958e-4,0.28616021512101464,0.0027800742403659606,3.0335806693817426,14.381099369616543,0.6416453917415936,156.0234996033294,954.3108115480447,25.17208723692677,1.4171761988672231,9.423195439352796,0.18295155913911093,38.48419182270118,241.60899333142487,6.15578490413856,FALSE,2.9780237380529053,1.75482244291365,4.54256468125499,NA,NA,NA,35.29906983573771,3364.2037777446185,21
Michigan,2020-02-23,2.824803855826217,13.886559625442104,0.6149708235712159,936.3284190205054,0.03987269748687816,0.03021179881018492,0.25785197962033307,0.003195474282344667,0.003709143832037013,0.09324865215384401,2.0024407365503818e-4,0.338664476315356,0.0038698079797073537,3.80854693195458,16.869361470482353,0.8798541354530436,205.641840434826,1281.3914166212858,37.18529015726753,1.7358424409771995,10.98353290595725,0.24731419454607692,50.529040415103,326.72060312661154,8.154606946821993,FALSE,3.0981264751083426,1.82898509560466,4.6755477404859,NA,NA,NA,55.35023308889528,4334.36960411925,22
Michigan,2020-02-24,3.595447137933208,15.873826803228098,0.8942490162093918,1241.09271485517,0.05011464918583948,0.03744646918446336,0.2920837177155632,0.00433412579793375,0.00505664671210658,0.11395496003241973,3.1152519795465104e-4,0.3874262963784584,0.005307604503455575,4.7919162288163,19.230124792257538,1.2331210412310005,287.959964163339,1697.3246480703206,51.91847613882099,2.086031760942875,13.30119977274626,0.32635267919058475,67.2087528825625,428.67474744175155,10.90855412002061,FALSE,3.2278735081245626,1.94613948218136,4.77898822090589,NA,NA,NA,87.82982197214798,5528.784499202091,23
Michigan,2020-02-25,4.5327925773787,18.482735766887906,1.1640060599287247,1629.9130422558774,0.06272946884813799,0.04725539563741751,0.3261334351828965,0.005721646544707382,0.006792463985681718,0.1362067294318326,4.8000383515800255e-4,0.4329761949506314,0.007354761086851017,6.155714954185506,22.138438523488666,1.70566625527402,401.65856927116454,2325.775011774138,74.42588430888921,2.5397106056976724,15.97752679033567,0.4428801101662263,90.0595644574496,542.4192804137762,14.747734008534454,FALSE,3.3166657600299425,2.00695459808143,4.76973488372222,NA,NA,NA,125.88023857143332,7156.638914012667,24
Michigan,2020-02-26,5.744771337710862,21.156534713407133,1.5830254965682276,2198.2333099134908,0.07828309519974885,0.05878204934837861,0.36913574472638266,0.007665434196156624,0.008874588109558988,0.1575948529449096,7.076987984759204e-4,0.4850054436275931,0.010015635346346061,7.947154844378447,26.245703996287368,2.325630354598741,557.7147198868519,3199.6818916792104,106.79500243159708,3.1628277288302478,18.966442525361522,0.548538671158989,120.80903105335499,708.386083568909,21.073173120758682,FALSE,3.388056953691312,2.11872086295781,4.77393807178071,NA,NA,NA,186.72152264992218,9969.037478251801,25
Michigan,2020-02-27,7.483504970764162,25.709718434251382,2.1992961752657187,2979.8303111326322,0.09670938652209946,0.07226945992456846,0.4252105135073372,0.010732592736304076,0.011379173834434656,0.1854543325289278,0.0010170922487233894,0.5717655697819966,0.01357862688327054,10.381095735145339,33.17700738524856,3.204350603047592,776.7038484474296,4698.142321775869,140.9978211159564,3.9335564444871927,22.761659723583584,0.6810069551584821,162.15259436704093,947.6773105445479,29.310480852508086,FALSE,3.4331104093021336,2.16999857542702,4.74984734571781,NA,NA,NA,245.7519627059597,13642.638470233302,26
Michigan,2020-02-28,9.722256452791008,31.392553091077616,3.1598822569919007,4067.2026524400553,0.11997723222631584,0.08915418334438241,0.48982077923867895,0.014775598734896835,0.014297670808517859,0.21584559162130657,0.001440728527912701,0.6551462668006038,0.01881334016183745,13.506687679928092,42.39041575644625,4.524275208823465,1087.094195589571,6729.476537220407,195.7231473622477,4.9667248593475755,27.610207531745893,0.9098559783757041,222.89814353403474,1290.5506593437551,41.46164198958499,FALSE,3.44274832760831,2.22616163174024,4.6917940497491,NA,NA,NA,417.0747266749987,18539.49686540246,27
Michigan,2020-02-29,12.85241993971562,40.769048465551464,4.34876766214816,5691.683944276262,0.14871864969043552,0.11090890052765626,0.5388002189830154,0.02055554469095006,0.018644469699027295,0.24859835133926536,0.0020589619975609234,0.745973467585526,0.024634971786189133,18.214068432961632,52.62523083472889,6.466067806881167,1523.107937417874,9168.508109958246,279.65478148532685,6.33298833942022,34.13535577945644,1.233302671217459,308.89607814987704,1827.8055754427273,59.6512197100295,FALSE,3.36215334446106,2.31762110380476,4.59777065088025,NA,NA,NA,621.8776053030717,25719.070890649753,28
Michigan,2020-03-01,15.07538645951943,36.247072628186196,5.994617951712761,7770.352815256692,0.18007169817844165,0.1394609054067099,0.639245585581244,0.025991717628897612,0.02356216375247179,0.291311883831033,0.0029424211186670265,0.8819008831932909,0.032099757034465555,17.872026057944176,52.24367410299784,5.843621475407263,2103.018241983066,11462.12511845231,386.444093207312,8.36983709780499,45.51045882741724,1.6544891366149135,430.8613539104306,2496.0055030412395,83.70379326409434,TRUE,3.290960774524676,2.24233742999387,4.47950030227089,NA,NA,NA,717.1754715203634,34650.7875500238,29
Michigan,2020-03-02,15.759932414804194,36.677426485610255,6.4593669882580755,10740.738823441603,0.22790672994245406,0.17728761351709738,0.748124377953503,0.034171983198909926,0.029635986544629983,0.33136071088070784,0.004191739665747323,1.042130849322643,0.040217601621249016,15.923929785507713,52.57391886424908,5.416392162510349,2838.096763002478,14294.253662248266,514.3722748107112,11.186076728671097,59.39450029115976,2.216055822496892,599.2535342481431,3506.4873579854775,111.83221392373963,TRUE,3.181987797247673,2.14479819014056,4.34652366765815,NA,NA,NA,724.9253113499788,45862.73669779506,30
Michigan,2020-03-03,15.87500721377085,39.26813049773695,5.7376480886860595,14651.608033683791,0.28748019609800707,0.2219560634983359,0.9551311539011886,0.045225111944979045,0.03670393616357199,0.36443865151713767,0.005913766963564198,1.2875681977045503,0.05172806675167888,15.160762853458689,55.25383906977497,4.940144762900821,3804.9917906163246,17791.45863549984,692.2351550783885,15.289572281392676,77.24452863503797,2.922888389324783,822.6675637162227,4753.847021990849,157.49000936100114,TRUE,3.0286062171119275,2.03101751421441,4.20351566651215,NA,NA,NA,1382.3845262542152,60981.38717849717,31
Michigan,2020-03-04,15.971031584913991,40.702752697184565,5.579144894761455,19685.282800097262,0.3726098823782364,0.28595437202186064,1.1763977250438324,0.05935634524985857,0.046148431150030186,0.42527473536112914,0.008005529332368606,1.7102965884163464,0.07227051521892518,15.41535176561953,61.73742164889984,5.575463946059083,5021.807978817094,22366.066773477865,887.1274703090176,20.45237486302645,99.15205005220696,4.07292231374546,1163.1894226216787,6208.2094105735105,221.2389798336203,TRUE,2.865503905707028,1.92286153347872,4.03921168268136,3.779886218493762,3.0507665531524366,4.616880442870208,1470.8161081216265,79815.99106206892,32
Michigan,2020-03-05,16.672489831483794,43.54007825969103,6.422886031488489,26551.47538130206,0.48746943756686434,0.37446714524551056,1.5046206462852214,0.0792800725783079,0.05820419741741974,0.5041706223893679,0.011389436962497298,2.22638520291197,0.09360206954263654,17.840874744795094,66.14556169882061,6.829388812152647,6318.784207234648,26515.909260651853,1204.7457105109172,27.739742463388986,132.51038706271567,5.696863160677982,1583.326473194113,7847.216030436402,292.00741014984203,TRUE,2.6997564278085178,1.75153423966558,3.94406335501176,3.0768475703207248,2.5387657022912267,3.686087479460557,2411.6989285503537,102421.23526116901,33
Michigan,2020-03-06,19.32541631542612,47.03608970627177,7.981700640105601,33963.972278600224,0.6402130169721123,0.49049318535572833,1.964863333153332,0.10296650764461068,0.07331803575834489,0.5757684500285924,0.015955151200469402,2.9098806749957404,0.12238806482219458,22.398515750592185,70.85941702716411,9.032938707194607,7807.597797095039,31314.20750162293,1644.904641334828,37.40529062189776,181.1118225734408,7.6446594091990665,2132.377672226151,10062.471051629076,385.3425032770914,TRUE,2.5054206298014563,1.57955992160169,3.7524356451933,2.692441172018024,2.263021696607605,3.1730369850789804,3043.4106010776704,126472.0720719294,34
Michigan,2020-03-07,23.88568675561222,53.011854440888996,10.066266023763276,43440.887410582494,0.8457925686820965,0.6408109259082722,2.5190036143518375,0.14022040873255387,0.09288814361805178,0.632964333572162,0.022548365298553245,3.7971462047384557,0.1599979796596286,29.829671250985832,82.99688072424757,11.736569938578938,9240.677558026517,35473.62759223324,2098.7850213308802,51.85497372590977,254.99605132063684,11.071753677626276,2794.3867619245734,12100.994112956861,513.1594128467915,TRUE,2.31377116628828,1.37423508539467,3.57773713557105,3.0713051687914312,2.667695278192148,3.513712072768838,3966.655467109224,155489.44164999807,35
Michigan,2020-03-08,29.569556576045017,63.175995451002194,12.32362441078099,54559.32734859962,1.141780994756155,0.866229482467481,3.5570524735925177,0.1950864082842627,0.11848272867087925,0.7079324543846701,0.031009784396718726,5.162622493249122,0.2362983785099916,37.67353449648693,100.18167095831015,15.644193303705205,10471.955278403137,39250.02957710184,2542.531704851285,70.58741022878698,341.9955079763714,15.343686390741944,3631.3211258065858,15091.035667967539,696.5761779701403,TRUE,2.1327109137733724,1.21946629086606,3.37898243684077,3.3171844685040925,2.9478943024888506,3.7161020168827177,4939.114669799844,183775.15426483992,36
Michigan,2020-03-09,37.631169457934845,74.02696448313024,16.24136631269388,66595.75511981847,1.5474471899241151,1.153024765492638,4.978293761531964,0.2804537006198702,0.15378313979382882,0.8101079681256402,0.0435998455861909,6.967724941888518,0.32684628822335304,47.23832873683112,117.03326977618781,19.83698573277244,11709.847490662365,42306.32760084935,2900.6851082447956,95.94457645028177,454.31940366002283,21.273953882263214,4480.58763385946,17948.847348857715,914.0166076674551,TRUE,1.9375339233165887,1.08781534593348,3.13289931263412,3.4089518422249165,3.0855954328348947,3.75414828221247,7260.723423457185,212365.37548217524,37
Michigan,2020-03-10,50.57696515551578,100.32757805127395,20.343596300184572,79549.34486583518,2.100025397052633,1.5727128795866112,6.91151599379244,0.38500289897229595,0.19714040076963577,0.9748129919346877,0.06133377787654398,9.759179620173672,0.45617728843959693,69.00121587228176,168.43577668222377,27.1849524422597,12695.043201120297,45455.789084262884,3374.9597247356323,131.300805562392,612.9589955824166,29.60454040358978,5411.9363529596285,20919.379991039437,1173.0675771970114,TRUE,1.7762257511924902,0.982595296924632,2.94906668191176,3.5478399005649717,3.265633640977725,3.8458550381733883,14856.610479127088,258337.7208858342,38
Michigan,2020-03-11,74.48316058917209,157.12543971459846,28.517222334430045,93624.05517758275,2.8255605098299394,2.1392355202024778,9.116320170102558,0.49781765328392386,0.2546694118122902,1.1772196205610537,0.08748550343037836,13.498190470584046,0.6119895382668563,107.756751918584,262.8950311916426,39.41394467695673,13197.455010672102,48445.60321135317,3943.448636650435,175.5201682839733,774.2580275927612,39.25946059079675,6519.331043041639,23768.6737322654,1503.5107885721177,TRUE,1.6239426529622385,0.884643965088165,2.74170725812448,3.438960028465508,3.2028964858884517,3.6863475807909376,15577.751510150212,289293.07942947216,39
Michigan,2020-03-12,111.48804266253049,244.28353243835545,41.143348862034784,108191.13500478574,3.8142046705603034,2.9252509792557317,12.202149986336906,0.6693407139527973,0.33395732523655225,1.4622429569093307,0.1251361441928465,18.292428815840587,0.7871199990564315,164.33218298896352,390.7352906645569,59.05351787353648,13713.618685953978,50410.2320313499,4359.653392947079,232.75529999962708,997.0216458473712,53.43242196344395,7604.502471289779,27411.83020182822,1910.5744303400697,TRUE,1.4722684042345686,0.808927045554395,2.513533597894,2.975876881850135,2.7899334695762836,3.169904364987873,18434.01294128113,330652.012860185,40
Michigan,2020-03-13,163.3949976970444,344.7535482336514,61.477060498652435,123339.19256353768,5.118175958480641,3.964704615252592,16.37936334569131,0.8814433791889258,0.43721967540296447,1.8017417885770195,0.17843051953420386,23.681280959058036,1.0764686091261424,239.28232913034677,554.3557211031689,92.11558875043974,14031.625694948736,50380.111555484254,4429.256696758495,304.9824222696933,1265.0078783618792,73.00194715912448,8519.420088327555,31125.04257642863,2186.176007427869,TRUE,1.356220885726031,0.745953382585334,2.28644279346169,2.5950943589838396,2.4462419884604505,2.7498661705520298,24037.912436518574,368765.16813263367,41
Michigan,2020-03-14,233.83559519771876,472.715933619746,93.98115138598041,138342.5751672412,6.882595449384374,5.264619786128598,21.61476986135571,1.1585867290201217,0.5871615614893944,2.243003789749382,0.26053440714341647,30.58700858968251,1.4733241179882193,324.9932402777009,735.4987320440557,137.395021901726,14162.47715882607,49917.27027417552,4468.339175738052,392.8885892888748,1515.931537712279,97.01785588737916,9379.563761419218,33388.57750424849,2562.8974605637486,TRUE,1.241646962926169,0.712324579458453,2.10589769891744,2.5404962921075804,2.4113855692552635,2.674135435253081,27444.5803895385,407613.2406881063,42
Michigan,2020-03-15,310.73534583141986,609.3810208494479,134.42582136909655,153192.25930512592,9.20563238084915,7.0046311005670745,27.52724469825997,1.563075174722754,0.782708945449269,2.766059372340348,0.37422393167675927,39.183394630033334,2.00777496470286,412.4689339152281,917.1216656773593,196.84530322938656,13811.762716820542,49282.89590941361,4412.151115016863,503.8996045808607,1831.0556649737614,126.46298191091104,10044.375377245377,35747.01513550101,2938.89422793651,TRUE,1.1406886412370432,0.691405432010313,1.97328708776351,2.351679335401377,2.241389418283581,2.4655292575918706,27125.386404578498,441540.21387983614,43
Michigan,2020-03-16,389.24242300833487,779.4408989656315,185.21247544819394,168443.21241065345,12.007044303739168,9.19098946901444,35.29169287311143,2.0567772610768875,1.0471178585631873,3.493743459792581,0.5365951389442618,50.40119186573994,2.610589603446504,506.80434744699505,1136.642085599106,268.51054232827596,13600.734152737772,48597.69167061639,4282.397550203777,619.1427366892885,2178.9770183970504,161.0719050654851,10439.312822984286,37959.58473016489,3313.698152760573,TRUE,1.0627453258318136,0.651321789435424,1.83588145023922,2.1784092846113587,2.083594283313141,2.2760580068298037,30863.245086715244,471745.62327771407,44
Michigan,2020-03-17,479.05650811837893,975.2274945870807,248.87263443689363,179998.0266550141,15.679515736224072,11.924778929032158,42.7986102257624,2.734246742147799,1.3976443318004779,4.400192346168777,0.7712492609658392,62.47191597755003,3.463771887088586,610.2031284210033,1361.6194726682997,338.9081321121299,12992.3110989308,46849.2934775127,4275.4416757064755,748.0327951778136,2469.9368158335933,201.64121413765133,10772.787930013663,38983.24749040151,3517.4696642336753,TRUE,1.0010466542311691,0.611411438656603,1.66467263007763,1.9773636421203227,1.8958233676727951,2.0612091437985245,34883.01328415062,501305.84298861073,45
Michigan,2020-03-18,576.509505231666,1168.8330175211918,320.80760122994786,190808.64793282095,20.018641563883293,15.217156925995218,52.62187005143792,3.7003341412751305,1.8845853490599709,5.491937924017871,1.0864895132758448,74.16228235480168,4.643024829007488,728.7885731689057,1589.693153286557,415.26023610893265,12351.27781022258,44538.859582434525,4161.981246303787,891.3450343684057,2780.2937589430144,252.33793630026418,10985.640293996723,40055.8791290609,3684.2941030619004,TRUE,0.9412604367382944,0.590371723073913,1.54773429832254,1.9093637426638,1.8361788892539699,1.9844678802923386,38932.38232351629,529738.5931985283,46
Michigan,2020-03-19,680.1733157730503,1459.151533167671,399.0824052794992,207151.98483531456,24.993031543429886,19.29555457846191,63.00556431977189,4.755386829267609,2.5299045581823236,6.865331750062669,1.5211885488939867,90.85294676628813,6.088238867109421,862.9893841301011,1903.9867451161958,494.71759403203214,11782.22788618554,39668.136113891655,4175.864115250573,1029.7417560802892,3178.064341739517,296.52116322712897,10941.866613502349,39670.6662624398,3624.4387150761513,TRUE,0.9080119604942358,0.557751885274183,1.45756567099887,1.6622328904139116,1.599283896831275,1.7268124333758275,42829.81596940935,559630.9631655052,47
Michigan,2020-03-20,794.8920339283413,1803.6393452315497,477.742121698524,219861.04115165287,31.00846702119471,24.12487655489434,73.13348738202917,6.3463487120734445,3.378221263159377,8.636168375829344,2.107690058066588,105.64650859131328,7.666030843895756,999.0154414212872,2190.828997279802,568.2019392738686,11290.073576788298,37580.06066529878,3954.8335396342204,1192.9791843587382,3613.1527911918806,347.0685487838564,10818.864623713758,40253.71952228666,3682.85871260366,TRUE,0.8718860012305324,0.538028263009334,1.35925191301004,1.4913758309996028,1.4358849357340524,1.5482783102370088,30555.624146235976,595670.6044423329,48
Michigan,2020-03-21,911.8211558630314,2109.5204328790883,561.0963434383798,230780.79649808368,38.260245125056386,29.395007297268574,83.14311059487727,8.207160753943295,4.49235443600785,10.741088165177263,2.849519355175191,124.51455014986989,9.789171777424848,1121.0593849476572,2569.3350760796875,617.713940024111,10772.617943933063,36802.31442895015,3832.1831298507836,1351.5151875611655,4049.5079943139076,415.0700330717035,10622.438215215549,38495.56588457267,3821.8982443524483,TRUE,0.8399745208135168,0.521174062989999,1.33018667488092,1.4161667565358187,1.3650448205071342,1.4685494148162372,49862.880369001796,641786.3103467218,49
Michigan,2020-03-22,1044.75451274319,2466.1397784102533,630.0133917839021,239916.9711861187,46.15147595823687,35.52169349695435,93.98428196175732,10.666180967960592,5.8753962287140675,13.089891548993037,3.7867764904067243,142.62528172889552,12.257105354151825,1237.5433969012934,2955.047669373686,664.6119829225852,10179.020017338451,36348.61182808395,3724.621706192748,1491.7482635427812,4565.697628630437,482.2174934357966,10388.542743394119,37022.29906220533,3682.9374455520674,TRUE,0.822854276539902,0.514911487200089,1.2818662222564,1.3714248071821138,1.3233257158938907,1.4206755332695853,59898.42070810867,676789.8267799197,50
Michigan,2020-03-23,1165.3073569225771,2846.189123634223,693.3052921701235,249985.53826215398,54.60673913912593,42.09476102913263,104.89164047942947,13.147231914826808,7.724040259499111,15.697036289087574,4.957671542562283,161.04654549221638,15.184991408799146,1350.2154447905323,3262.4631419235006,728.1661343327676,9649.129559037241,34733.372254346476,3512.98735090591,1642.087452997308,4863.88587806977,555.0014036449228,9965.024382103386,35442.94288663738,3635.593705898213,TRUE,0.8049297827030385,0.49714050512381,1.27188638154645,1.2613190999741979,1.2169665629294364,1.3067363982079476,57806.07803616887,692248.168637645,51
Michigan,2020-03-24,1277.7861760986934,3184.913440175371,750.024455689167,259769.59377193238,63.890650067561296,49.690661566844,114.31809408310659,15.684575763614689,9.981273810737104,18.363746187871357,6.411041583483927,183.13502918761287,18.810569302331114,1451.7887882490445,3568.7935264842376,785.2301871480595,9047.019010357364,32051.268608345163,3384.0945456288064,1782.7042197709552,5142.794206059498,622.1700477559006,9580.218677086385,33315.71295452125,3649.7587879532466,TRUE,0.789748576737094,0.507438974937547,1.24448818540183,1.2542132498618963,1.2114212656103431,1.2980012866320736,62007.22195639065,712591.676287918,52
Michigan,2020-03-25,1382.2979183404123,3458.881701847189,798.6038537078789,267660.50867549644,72.73070402823092,57.55340391203553,123.68628447493779,18.549929387881168,12.691121155275184,21.506049876659297,8.251282684089707,208.79261015070773,22.268264790945125,1550.397474273248,3811.4345384548396,832.5668797982682,8432.301470059785,30133.959499816683,3362.0663361593106,1869.775701624023,5483.362484652227,674.7916975699484,9289.022690993272,30872.561341797664,3506.854766366572,TRUE,0.7822379167200086,0.498091829617959,1.22432692155413,1.3129138958001023,1.2702670386308466,1.3565047693481396,66246.32767358082,738319.8235284138,53
Michigan,2020-03-26,1490.4826708594173,3687.3818274884943,852.8088647264112,275424.3026582028,82.48286100015154,65.8269854704237,131.65295051152935,21.69344808487335,15.885554241712269,25.48854539971245,10.310220597524559,233.40355381475763,25.34955526755714,1619.7686604089997,4060.3515942106537,876.0689422355046,7850.893471872116,28345.014719799754,3059.1524810189367,1951.0505671043902,5675.837231477033,720.8308314704595,8753.2706001091,29877.97457109432,3391.888597404117,TRUE,0.7731368588911731,0.484015628014495,1.21697684944068,1.2217787154920676,1.181740401128743,1.2627113363678815,70027.05145115062,754321.746286131,54
Michigan,2020-03-27,1574.0943945276078,3985.0530585478027,886.9306290453724,282178.4657445091,92.30965370667657,74.02401130193974,139.82925151054087,25.25025416631177,19.662583578093255,30.1920283825156,12.569341235026009,252.49554795499552,28.811733694796544,1684.34655048695,4289.868284398152,906.7571053986708,7446.623048021922,26853.573040864394,2881.7434383124755,2023.374797127728,5738.7355926871705,772.0409138147938,8360.46600585055,28960.521868865086,3274.9906740523284,TRUE,0.7680161760042474,0.483577892465632,1.21169671832464,1.1795494790144216,1.1412771297752724,1.2186680517391801,75173.40487099765,771937.4239445706,55
Michigan,2020-03-28,1641.3793608628548,4223.745904287069,918.8236738259103,290460.06863910257,102.12059131041231,82.21939550591208,147.017602636596,28.0380712790349,23.959446387016378,35.026098546533746,15.117829168274298,271.1642130623456,33.24110038220018,1737.6141194230167,4499.229264634383,942.9094044444095,7140.208225835251,26819.145482645257,2625.502339749408,2061.7143138977217,5959.720439931758,807.1853015272566,7839.932270014391,28185.96412016793,3167.597576608667,TRUE,0.7629467999263617,0.478774406991821,1.18273841671383,1.2150686771023287,1.177050075538082,1.253897266158235,79520.49164565046,786537.1246797991,56
Michigan,2020-03-29,1701.0245677265088,4429.8824457813935,953.2595118229946,296431.80843703006,111.80943737785046,90.49239697815736,155.34920114082558,30.976588432395552,28.800495017483094,40.80924857850479,18.03629376358896,289.22787425002497,38.114884977498946,1766.8624905939619,4603.454348452286,981.9013272621289,6838.382948149363,27500.272830087422,2532.876633802496,2091.8649556857595,6136.605372745615,822.0509466564258,7397.619148106719,26314.617719479844,3048.521831195417,TRUE,0.7688863368794805,0.473321898788016,1.19572305632483,1.2492607377215224,1.2114504470500558,1.2878496919558706,77616.6296021884,803624.016812967,57
Michigan,2020-03-30,1737.955322330707,4541.224274880231,997.1212314964599,304582.215650287,120.67511317988554,97.98738714108406,161.14141829129557,33.96294647371662,34.15612238284504,47.30794803492398,21.13599966155467,307.848347576377,42.47895736696388,1782.019360980246,4682.702255186092,1007.8256600594477,6564.765889876802,25004.789107695913,2491.9231985591982,2079.466094265691,6306.684546906263,853.5754601435747,6966.098808219083,25011.61955490792,2861.561844313833,TRUE,0.7699332440469393,0.475583069987407,1.2159221878732,1.2302373262520785,1.1935338339383068,1.2676856888258476,87899.86445993812,823789.6521210123,58
Michigan,2020-03-31,1755.604474530058,4598.541389790904,1012.218781777704,310581.4980871839,128.88371390097973,105.01249647125786,165.71877971639827,37.07417025983834,40.24058164676871,53.598283320394046,24.892486364541895,319.80523528945014,48.846028390010105,1784.8809397005546,4536.482861906055,1026.69783959365,6191.004075363208,23636.143088979527,2508.4735581761843,2054.898638592321,6404.160471790854,863.5649187777778,6555.387085588548,24232.14737746247,2756.6603784623817,TRUE,0.7731258212509222,0.482740119995386,1.22158739293215,1.3396718534148182,1.3022479936320093,1.3778059286491582,84773.50819122663,831046.3749770008,59
Michigan,2020-04-01,1770.7656223934598,4466.602965500955,1029.2439791695201,317477.98395282833,136.08110874887933,112.22013595427944,170.2751342303123,40.20458607229023,46.83877494408329,61.657385388068164,28.246369467795507,327.91410605278963,51.2981270849895,1771.1488389740407,4361.340195191797,1039.000720496469,5909.738288485517,21805.822018826017,2281.569568560033,2047.1802268382962,6467.768546632226,864.1990555445279,6204.075522340147,23771.11665649886,2544.366220560493,TRUE,0.7789171749232863,0.469021711936111,1.22299174198987,1.3802416348548165,1.3432164429182518,1.4179410475456562,85646.88891475812,837154.2454640205,60
Michigan,2020-04-02,1770.0012984575596,4405.971596138845,1041.4917446100949,322398.6908691171,142.76926251216943,117.07006174588648,173.09496100509205,42.884426833400035,53.49706683315917,70.26211334973965,31.110342170120386,340.635672088205,54.16203810141759,1748.7210693831964,4404.5843130520725,1032.1449593044422,5628.870073106598,21377.257101987656,2155.67268800712,2012.6542761159171,6201.430613726005,872.6725186531919,5916.664736623688,23463.18777655864,2405.983470295373,TRUE,0.7841332447040512,0.466919387461002,1.21716321869036,1.3542419943478907,1.318749596267297,1.3903655741675138,97289.35271084051,852156.7834197659,61
Michigan,2020-04-03,1759.2388878606967,4412.8609195165745,1040.3625895188595,328830.5565314681,148.46402243418925,121.62087872113185,174.06829662916743,45.92572490157753,60.64951702406681,79.66083862929628,34.278902220571496,352.50535965911854,58.07790207876373,1719.7284415126426,4345.009499275474,1041.9891690626496,5432.439793400983,20704.46432017971,2025.850709788322,1958.619006106983,6032.420299625386,858.252411380483,5652.26857192864,21368.03272494742,2262.0226779886107,TRUE,0.7932993078373806,0.475456844037291,1.21800587096933,1.307426348911658,1.2737568522318223,1.341684013286322,90855.33761908828,855877.1003475649,62
Michigan,2020-04-04,1734.7950987082468,4383.592599145282,1040.716919331803,333981.6558497385,152.1666696406699,126.22577806523577,176.0103478886101,48.365579392104635,67.8801269965407,88.90577116899125,38.30601498471688,364.00682799339404,60.764846048492025,1669.5020427934157,4088.3867194213817,1039.0568786153037,5294.32748015486,19556.28657842384,1952.303465629838,1896.0918892583393,5809.288438396628,841.9191034180803,5373.094278573486,20459.80874097398,2163.7615809706967,TRUE,0.803794965137091,0.475498241955515,1.21358381661798,1.2818233600763875,1.2495628093024032,1.3146344491991901,93261.26081973486,866484.2014662937,63
Michigan,2020-04-05,1704.8668167942676,4266.8660034672685,1046.2508613276195,338624.77674028435,155.92993359568254,128.68114261089562,179.4284515979554,50.917423801710086,74.98680892860384,98.4458740478832,41.832793807828736,365.88132708703154,63.64387375857906,1625.0035528645706,4035.4522157253423,1035.452596396371,5086.2653955969945,18908.782101506942,1895.3206875728058,1854.358692717818,5774.75436595772,835.1521460447203,5150.91558777518,18828.307505263656,2071.2295384416234,TRUE,0.8027799913384918,0.493302463125405,1.21625649710183,1.155914828466562,1.1261833510034378,1.1861650379186848,95580.53089081758,879750.249538022,64
Michigan,2020-04-06,1656.274233742679,4097.3275801892,1041.9727141573803,342749.88317873894,157.5864616721524,129.54786090044138,180.75250602228067,53.00086476672659,82.31762663493619,108.75032980732439,44.22343323242926,368.17981227218417,65.77099942464761,1585.428677562998,3867.2318394289905,1019.9578861354267,4834.578763126919,18364.412346216166,1845.7111612221515,1766.9455595035538,5722.610000751001,818.9558233235199,4917.933151422338,18413.34125258633,2018.338566672194,TRUE,0.8028727657308224,0.508049122700396,1.20719948361578,1.0291858294845735,1.0018223312635783,1.0570431170219645,97828.09381267912,896094.9873546023,65
Michigan,2020-04-07,1606.006397915935,3985.002786381043,1016.6814788503882,347085.48411617137,157.57979699921142,130.03420933934686,179.95364507538994,54.830567071505314,88.75776438603505,117.98852564408742,47.59073450408279,365.8928555628628,67.5166142213269,1533.460025330446,3758.885869849422,990.9533365220566,4621.992664277204,17776.725235675796,1770.8442740671094,1703.021558111678,5563.872117295023,826.3207767757423,4688.272820289112,17526.981710350337,1965.1621543163183,TRUE,0.8029962486694459,0.511408549180158,1.21920082895835,0.9582400922054984,0.9322058219393058,0.9847546273846326,93194.23171420302,902941.8089183781,66
Michigan,2020-04-08,1560.8230879469688,3855.792145066638,996.5742768786387,352259.1981308991,157.92825067647925,130.4871809830206,178.91162164254615,56.1100862204876,95.6023142688752,127.18304476454824,49.9552757426188,361.93126485246813,69.37410935042652,1484.4735492841892,3727.5945190641605,960.8361061530447,4442.89484991072,17191.00310934682,1685.9919905084648,1632.3007457460258,5189.46986555723,770.6438776405803,4494.880250976117,17000.545988420883,1841.4960046613496,TRUE,0.8075258394184189,0.52229638810631,1.23227295858155,0.972043823774182,0.9459042915985187,0.9986605466473674,96112.13768942712,914449.8713872335,67
Michigan,2020-04-09,1506.8900675862762,3699.2200142716874,982.1441263902018,356734.82086089527,156.63227220317555,129.45280693949752,174.98236681543065,56.980743829591866,101.73331861704217,135.10095317679384,52.84532354152087,356.591556408311,70.5809415383423,1426.583839254933,3544.3895732135443,931.6450966795207,4281.356977079695,16315.200807935966,1648.2328456810915,1547.6255932982485,4827.178106108744,767.752853259329,4288.225661066899,16299.289315673843,1751.6792633177365,TRUE,0.8177761807896232,0.518578260246008,1.23614573415471,0.9630650577618795,0.93698552598986,0.9896240821670719,98830.81712838703,925496.3755716238,68
Michigan,2020-04-10,1452.4770616093133,3561.0783259305904,966.2763280882464,360978.2935336225,155.5875225541813,127.76718112141917,171.93079052739856,58.51541630204807,107.44387896082851,141.90150225807628,54.232092235883655,350.2912825563329,71.34863597143871,1369.5833940766115,3351.4352366906514,899.7848443614573,4097.574600029406,15138.425020628181,1632.094216050395,1471.6165699280277,4626.11961209976,736.2617684918591,4114.19267902985,15722.551501464855,1706.3850099616816,TRUE,0.8190840634848227,0.514563275605626,1.22983193507048,0.9071034706597093,0.8817243886757725,0.9329649435871367,101387.36360827097,935292.728226033,69
Michigan,2020-04-11,1397.026891635386,3431.085125529634,936.1040493889961,365099.33397721156,153.62323246530684,125.16482407304912,170.43532911180978,59.37726728229296,112.76646534858628,148.12694604494646,55.916194346705964,343.0524318712443,71.72117223710603,1308.6182656385727,3203.923439534423,865.1834197034962,3954.2892524454946,14601.559232336895,1579.907652755971,1398.583204959716,4463.617055182392,706.6676224367742,3954.8956081568376,15108.431171015922,1631.4562938954,TRUE,0.8209331142082028,0.528728708424102,1.26200918699298,0.9607279113573114,0.9344651363569112,0.9874782090172948,116452.4207683899,961049.13843876,70
Michigan,2020-04-12,1344.1058102713664,3306.5488265076483,914.0427882117845,369306.1388944469,151.53427398109386,121.96985165901026,167.38129958490092,59.9288947598703,117.04930408099517,153.987632016435,58.011841051015935,339.6121350249206,71.20129717728327,1260.573455447858,3056.6739585087316,828.9978604622306,3818.1729831801736,13718.325363515989,1530.0380162778033,1342.2146191949755,4280.204498528756,690.9761907670902,3805.0426785873824,14403.31196603406,1579.9580028350638,TRUE,0.8291169626812027,0.522366163724203,1.27322944925665,1.0624686097788294,1.0346306310553004,1.0908015110119245,118129.63696856293,970633.0580696614,71
Michigan,2020-04-13,1290.2748731575869,3142.9607453814956,878.2133697217673,373934.9496578025,148.14846994618202,118.70089544512062,163.4345163113726,59.48377957121624,120.9890386126913,159.248547401044,58.303490636764934,334.07623418968114,70.85499362950948,1218.0554389332233,2920.3492704303276,791.2902924367423,3703.1853200272853,12667.64081668263,1442.6019227543877,1282.9382683394588,4125.808561492077,658.7331514315476,3679.040745236467,13794.464922913798,1547.1140287797298,TRUE,0.8328434484104276,0.52106388277933,1.28455700294742,1.0238366135907098,0.996459865426237,1.0517102632142852,114509.96105287789,974219.3924196645,72
Michigan,2020-04-14,1240.480319136892,3013.2976413904485,843.9916022641506,377621.9748651795,143.05553287957525,115.1961917771011,160.05365691093635,58.603758761359146,124.19871156352974,163.65893807141066,58.651431210497236,325.9616524733585,70.88796854921603,1181.696411431884,2810.7290663651347,763.940786320603,3577.6786398897693,12199.9656756808,1465.5566007121447,1224.9429139544886,3967.5302766297186,630.0767039323132,3526.477297404188,13038.78949312227,1497.859222060279,TRUE,0.8425763306752567,0.5231252125047,1.26798347082309,1.0148693976642682,0.9877171253258262,1.0425147800771202,111181.54520684088,974581.4117086187,73
Michigan,2020-04-15,1199.4082109085466,2883.252705604341,806.0000924735751,380660.29959953565,138.7971001769426,111.44107996878982,157.83605756771948,58.464244109568604,126.18690549182185,166.9643360054665,58.77905233535897,315.9587749883772,71.71425844988582,1137.8675793720531,2646.543797887968,735.3434020004878,3458.831019817463,12228.07577172413,1460.4990734728904,1164.9465672400509,3788.2290862902037,604.4671199010418,3397.720990310051,12653.714205432334,1439.0370572291663,TRUE,0.8507989026090101,0.519769278619302,1.27727235495004,1.0319068910735611,1.0045924848095575,1.0597119796829961,113341.32793439791,979742.7508918074,74
Michigan,2020-04-16,1158.416282555976,2752.871252076833,785.5754061265072,383972.44176064193,134.301092041757,107.27640548180585,155.92419003000225,58.2527457680494,127.09956607002816,169.22151401310893,59.07359414909806,309.3876123878633,70.89718610828295,1098.6059373836342,2486.903626851705,705.3342877944187,3419.4357912795076,12279.694222207218,1413.400423813288,1121.8042745859293,3591.4396685196307,572.9069114857459,3275.98346479276,11910.677707491464,1417.1108055737307,TRUE,0.8647861926578202,0.527656051376751,1.29396029963697,0.983753022960725,0.9571465601544362,1.0108480438076899,115281.06062868927,985109.8153217523,75
Michigan,2020-04-17,1124.139561275663,2647.0679565317955,760.3129168232547,387345.2300118557,129.63076727919162,103.51584194236173,153.57786100597696,57.885184318188024,127.32809738006723,169.8221651854107,58.88789481759808,304.2245793746241,69.2121379564241,1055.2627341692564,2412.998793430631,670.4009048827963,3361.0169507206365,11981.75623519847,1384.0119698628241,1073.5891426544608,3463.972157489591,557.8013524159788,3173.3612181339395,11580.473110152427,1366.6538996293857,TRUE,0.8756113216819288,0.520549691647445,1.31567268761413,0.8409455238202189,0.8164071618707359,0.865970722857171,117145.99545767886,991161.9421038113,76
Michigan,2020-04-18,1088.4893640357257,2500.542733647314,735.1889555247743,392203.232467246,124.96083256250589,99.39921764123443,150.1765190704641,57.59735632925982,127.32030798059043,169.75468235099993,59.16881683153711,297.99141319796854,68.1596058830436,1026.4671434993993,2349.8711268983766,653.6147475341535,3271.648916802088,11441.150616745523,1325.4439898094722,1029.7212816629276,3295.828119539198,528.9035063291867,3040.6054404599086,10883.470750885113,1320.8675877300936,TRUE,0.8799276657452975,0.547750384843479,1.32203493029034,0.7569886434849176,0.7336022422587081,0.780866865443798,119008.8997388348,997435.1152896251,77
Michigan,2020-04-19,1050.8648041955025,2374.229775844623,706.1957886651278,396006.70747880894,120.26426210353657,95.3358111209238,146.98818634022723,56.491264733420905,126.4569287579034,167.27786284916783,59.15400885247047,288.56887976459666,66.4077844536238,999.4082357011291,2312.2722596594217,656.1456473076868,3260.5754404740237,10810.993715607365,1292.5790007794565,981.8429850162408,3154.41558419468,511.0528299365661,2960.8181653569363,10293.863477003446,1299.217208853746,TRUE,0.8820715659812,0.54706940989142,1.3324119254169,0.73652475102573,0.7130617536130113,0.7604968859405363,120684.4668529048,1004162.7038350942,78
Michigan,2020-04-20,1013.848834085396,2322.8629984399954,678.5063510715984,398124.70539844723,115.78687538021592,91.54182964486034,140.9241684002992,55.18106291507313,124.9934780665824,164.46284345765113,58.379624374865045,278.34086128100313,64.90683537058624,966.4961292613293,2216.8145927134365,639.2437003535454,3205.967064651377,10716.728407700248,1282.1330166707116,945.2399752570575,2986.113046447099,486.1921291025494,2909.786362482992,10050.147749287178,1244.1691533515643,TRUE,0.8875259655053528,0.575672762914709,1.36980651067432,0.8256235278219647,0.8001231218894894,0.8516600750108262,122100.53833397166,1011440.5865013193,79
Michigan,2020-04-21,982.7540290889958,2223.3163509601277,657.4010115023359,401767.5476678608,110.57847662672472,87.73964168756146,135.55366510385318,53.860851592989405,123.67287245221044,161.39066698333696,58.66727666060421,263.3045628519764,62.97127221700424,938.7216776980677,2153.1406661048622,615.8633764532761,3196.373597056862,10332.771771807715,1265.3090161580863,909.9381007532152,2802.6882866550395,463.02463505737296,2852.754409154925,10149.846810368332,1229.3942869712273,TRUE,0.8962222704344524,0.584795492802769,1.37958302325141,0.9936394904980639,0.9648922477122888,1.022952126113646,123366.14063267541,1019097.4215997538,80
Michigan,2020-04-22,954.5350074754426,2183.2554259100466,633.773764316632,405184.74231405114,105.7201265599434,83.94136435798072,128.86621061011516,52.26731382432211,120.98642165510797,158.83067265362354,57.80782210477986,251.22356526516018,60.827227422066244,915.5229490158097,2106.132220107126,595.6494212858563,3183.406954345713,10539.242938553643,1217.5512050430589,867.7886085323911,2673.1502987225135,448.074159220615,2806.2241942469527,9962.075485658763,1226.5065445601897,TRUE,0.9123526366817369,0.594359936091669,1.38733760801717,1.1900061159846904,1.158008330991745,1.2225879806271616,124517.71135750877,1026713.1897699374,81
Michigan,2020-04-23,925.5487701345605,2147.3182920354398,604.9663606612919,408718.0653026573,101.71424785395408,81.04011035493127,123.08195022885154,51.16917700654927,118.6500406675045,155.46089712492736,57.198525715530835,239.0948374299174,59.210443940108405,888.9922961452903,2087.7186662873937,582.2470426099434,3114.905425400001,10594.581496656732,1196.6125105828858,834.0212269967526,2563.7039833401673,435.26766407685477,2724.7858033738303,9249.701677942918,1182.788907317667,TRUE,0.9190830061689421,0.599893548166563,1.38233078669463,1.1828457217573662,1.1509981044429742,1.2152754661896101,125583.03747097836,1034167.9614214592,82
Michigan,2020-04-24,898.4166245108311,2116.4694657064115,594.74857106391255,411808.5875379576,97.86957888311501,77.76850315346219,119.57055296340587,49.73792164587476,115.34243274534126,151.98535771072162,55.974443391537996,229.1928555982347,57.715963371563674,864.9772331323754,2058.8252889501964,567.2235893179211,3099.5372564240342,10701.746864349985,1156.1826055666834,804.7777017171297,2450.7265566674128,420.8416604091573,2698.3860010580925,8916.53899029368,1158.3837890053294,TRUE,0.9323951512377321,0.609228925939961,1.39721171172313,1.0595712661058856,1.0299142136347035,1.0897922591859739,136107.28470156886,1049637.8021313192,83
Michigan,2020-04-25,873.4035822729555,2065.739655520659,579.2928066657892,414972.74311996927,94.21458121679473,74.6095944987353,113.56414333932472,48.82967115698786,112.04198533210804,147.36916435733755,54.7454261736484,222.03317608642587,56.07621207679865,841.525915770602,1988.72560494884,553.309481872541,3087.156357765578,10244.00606021897,1139.2080563535155,775.6670115598309,2330.6339806038964,406.39066984569615,2645.783860513032,8641.744087021736,1139.4088281965583,TRUE,0.9449289107808684,0.604842009676255,1.42146382530714,0.9080676999771508,0.881023399187104,0.9356598644845477,137243.07246876185,1055865.7411915904,84
Michigan,2020-04-26,856.5152297179447,1978.2612195657216,565.9751682899622,418426.94374041446,90.30946922529161,71.42515846789209,108.70867165697814,47.42501866824013,108.79962863963331,142.82699309558961,53.9787586438394,213.04879720428625,54.275832089671695,822.5999728340907,1937.2884213342577,542.1918562237632,3095.111315496576,9685.827918093604,1101.3089386156712,746.3059150882084,2260.8168812561853,397.4919383457086,2627.846373630179,8428.94622608652,1123.9955950473527,TRUE,0.9537591444926279,0.609070444279346,1.43512756024569,0.8439579518997598,0.8179823508470729,0.8704777365377667,138481.11437749508,1062586.3149929377,85
Michigan,2020-04-27,830.9598540252434,1932.3538569091718,549.7125516633084,421385.9560429137,86.76623074029574,68.65300541783978,103.53100725578038,46.33397902656025,105.0789711923574,137.09783667835472,53.70783511217914,207.29325321695964,52.28789810089178,808.7616623136948,1888.7593834731651,532.6206944911105,3045.5615566633105,9496.199933194508,1114.994416378143,722.5700991377738,2154.9793686289954,385.08719600718393,2617.190133770474,8399.187598691704,1089.6986160635756,TRUE,0.964264167475281,0.614873766631677,1.44482052975712,0.8132536264528359,0.7875310982723729,0.8395302559611895,139813.18460155762,1070576.930465131,86
Michigan,2020-04-28,812.4324724800217,1907.7602256735527,541.3533965830209,425392.8066614773,83.13667577049688,65.91493586463807,100.7804347572885,44.07728050459812,101.06032212500435,131.63763436998906,53.15956472431913,199.9703259244027,50.496284555647975,789.138408377625,1809.2423452278915,522.1778411794357,3082.0286780837378,9619.822649977345,1081.305097854443,701.1635244653844,2036.0730287660151,372.9512435284272,2605.838779909871,8132.8809302652035,1079.4148421064772,TRUE,0.9706013220147162,0.613256412447966,1.45303698284005,0.9336435219738801,0.9056143690886992,0.9622451400183979,145551.0031007981,1084848.3059001265,87
Michigan,2020-04-29,791.6857035851565,1825.7839581993076,533.2221015809414,428809.65630368865,79.86572841321626,63.38441479472088,96.18697848909815,42.11465881087939,97.05249417585702,125.83302700200494,51.88027992050816,194.16237962541254,48.402123380289325,770.3307074917532,1759.6890054962792,509.3363614233881,3074.9488217076196,9785.197921820914,1067.736906522167,683.3882149579281,1966.7274711401678,359.43693000165365,2631.5080735217343,8038.485317403862,1056.4601633254038,TRUE,0.9736269196724396,0.619735568826832,1.46364649643096,1.0573923885786518,1.0270598440210186,1.0883163525375785,146413.04876149693,1093478.7298190445,88
Michigan,2020-04-30,778.0707801048875,1764.8843078314794,521.7471579125037,431983.4581133605,76.9330390471006,60.85579989611105,92.4038947233045,40.23131928310687,93.19829953338876,120.34870425484874,50.67269922623738,188.9639347350577,46.31864278237104,756.1858242269251,1690.5139684576177,500.2646025605361,3080.318811971267,9860.418522830914,1086.9620386441961,662.2462202445682,1867.3828758695104,354.1147293630812,2580.2726698531765,7570.6464566372615,1039.1300604543594,TRUE,0.985383257621897,0.621496292398406,1.48333903506351,1.1670028941990729,1.1349467591089835,1.199657032625992,144107.7172688351,1099345.6717125045,89
Michigan,2020-05-01,759.5082668707928,1669.0778823759829,510.6661921436985,434257.33208915207,74.03348135022445,58.557824483525785,88.51532505981541,38.90128190862747,89.33181825888113,114.8994838840748,50.07652201783687,185.5352602339712,44.9919673291909,742.3615135470926,1608.8049580131028,492.1623499922832,3137.5862835017647,10072.702257287856,1069.7574137632637,644.5590199848291,1851.5580901543094,342.7418507495466,2560.383079503052,7521.822406496225,988.6261017102665,TRUE,1.0013000317278107,0.631457344872753,1.5191134270293,1.0348142921319812,1.0048494281634317,1.0653690263750044,145540.56196062788,1106459.919211993,90
Michigan,2020-05-02,745.1101376500081,1610.4729363870229,498.8764721934478,438450.3647334578,70.99079944010057,56.4193048570028,84.68068597797105,37.54342300201567,85.56816007897862,110.18611968034358,48.23103160365912,179.9706997440215,43.215292713332964,725.9365356749342,1563.2012071116953,485.2468820804853,3211.6234614202353,10201.689904162395,1055.2218476694945,635.6505338642771,1793.6318361900749,329.55439056230296,2557.55294841185,7705.380286363521,959.6802090795384,TRUE,1.0068047395572626,0.630693343562331,1.54079450431208,0.7995401204262578,0.7735328454342458,0.8261239024312271,146991.2303279732,1112531.295014144,91
Michigan,2020-05-03,731.9411724806306,1584.5931323355894,490.18681245276065,441837.0418719541,68.61880611733017,54.24439253535071,81.19738979005653,36.53453221494989,81.9424937843921,106.47393084179181,46.21001644908526,174.68000570284363,41.76626361864895,713.7134677276237,1585.4736321801292,473.5614602032232,3196.6714892815553,10674.53426450251,1033.7931403635928,621.7532285493737,1737.2799702959887,318.99915169433757,2552.392732374069,7576.300399583783,956.6517331665225,TRUE,1.0179722162143494,0.630370855252065,1.51395466451156,0.6817280040745995,0.6576972111548512,0.7063371473757806,148374.35003476305,1119102.1498469103,92
Michigan,2020-05-04,717.5463191959188,1602.6592210685403,477.1684110292597,445316.4355998246,66.43647831657024,52.3885981581513,77.91310019906408,35.1570104082893,78.18892811924948,103.77829475470276,44.87447423285622,167.50148087885339,40.24134280131288,700.531006888848,1593.6504633175412,471.9513646918515,3176.7424722301503,10884.32189714145,1063.9717308754794,605.2725520780504,1653.6004384287776,308.70763379559907,2549.2761610360944,7852.939571492324,977.8637902769935,TRUE,1.0236057097693818,0.636038783505606,1.52981505627686,0.6358986285330823,0.6122079272558723,0.6601927676277616,149631.1451336612,1127396.4901796654,93
Michigan,2020-05-05,704.753027809444,1610.3766153019512,472.4110458893755,448611.2538736858,63.878099393467195,50.72636191056233,75.29002490103099,33.764933535983744,75.02075125158015,100.8452081523454,43.45543867298011,159.29411460484206,38.646557226536,694.9226675006139,1561.6477468859366,456.5888271735238,3206.571381237998,11474.725999902992,1067.9768887288865,598.8497908377311,1584.1225239551213,306.5881519167994,2556.2514423354323,8418.158043006308,958.3409625455117,TRUE,1.0316187735407154,0.630857134746979,1.56024334714932,0.6159897178121421,0.5918691257001606,0.6407569098915584,150734.49839849927,1135354.2571764668,94
Michigan,2020-05-06,692.1036998682616,1564.0745078006553,460.97515937293394,451939.7665509642,61.817546247473345,49.23544213808216,73.68196535129636,32.53343800766955,71.89701881533901,97.2759011821941,42.0414373195996,154.51584670800412,37.498908744064785,685.6930758707815,1542.0407800819025,450.92055252476155,3194.1503899193012,12021.745608744011,1045.6086333982744,589.9407482113609,1554.21886822833,299.59744248835796,2596.6863778549396,8370.831684197057,981.6429705294967,TRUE,1.0410183097407146,0.633785698843051,1.58176211917501,0.7059973771104467,0.6790669793344478,0.7336305443906339,151723.65445773324,1143013.862120848,95
Michigan,2020-05-07,687.3877697506013,1527.5439879965484,451.7758128480993,455091.47870118264,60.15503860295463,47.87986575992575,71.40487928661065,31.332014369607627,69.0530222079233,93.57134483111801,40.1300887180378,149.2498673752844,36.24111072406076,679.6247625482036,1536.8935588561758,445.0417950534264,3227.605451224905,12227.72693404716,1035.375398086684,581.2584656926949,1553.8745771389817,293.3884102183534,2626.1142240988947,8397.642978082906,953.2016733995271,TRUE,1.0403942812022031,0.642020203790673,1.56036808133764,0.8381780309342558,0.8075504671116974,0.8695703804273518,152587.43384823564,1150536.4653566303,96
Michigan,2020-05-08,679.1300816000178,1502.2516136948475,441.2135516307845,458047.77566288284,58.438529348848604,46.42903723366926,68.61584079368339,30.034178331800376,66.1051336903007,89.80307487364709,37.8182951909247,143.2728097704765,35.02350694791246,676.8107253106584,1526.8624072737937,437.7276424266096,3302.690137353113,12679.193437791195,1032.7744344688665,580.2462158813562,1548.9401877315572,287.20518099953966,2632.673118800698,8550.519499107904,953.1412250723059,TRUE,1.0359824883406792,0.647336909805725,1.55929486375359,0.8738271532635419,0.841525392208846,0.9069451300056698,153425.87183649113,1165236.4862924006,97
Michigan,2020-05-09,677.2230395679898,1515.300570920555,441.4692230930459,460872.58214194776,57.016920404233325,45.38879426058429,67.2037320785898,29.538963364535256,63.3191157320518,87.66519799778905,36.18081269177527,137.13461210457808,33.92514420408483,673.1746527988255,1509.0181066320129,427.8178433026093,3297.327338979374,12739.639459807539,1043.541168435556,578.7569939969958,1515.4389056861812,281.9888184336377,2621.902268300909,9122.70306673777,941.8567183997923,TRUE,1.0287125224704958,0.654521711099561,1.55413597929878,0.8298109172310126,0.7976984613317637,0.8627738525669022,141364.75515901475,1164976.2376520918,98
Michigan,2020-05-10,671.4657487565064,1475.509009039413,435.40749965282646,464120.860910318,55.62617720651846,44.131479901077626,65.28041951447648,28.695247859120684,60.811059014436296,85.32080068811653,34.848740265869,134.4091165214912,32.96354845148264,668.7397890696438,1480.7920591258796,426.2898959266239,3387.4508902437897,13437.176809550005,1017.5006202597791,576.4295478018664,1502.1044642702298,278.6134731916443,2599.5459528080473,10059.990747569436,915.0471011795245,TRUE,1.0295254797410371,0.628090527515158,1.5639924729633,0.8161120419380515,0.7837333518432389,0.8493704767361725,154958.42015206278,1185833.4471296733,99
Michigan,2020-05-11,669.9059526677404,1518.9752158934066,425.066319403664,468362.81603217707,54.4967109878559,43.13510890993999,62.64746023613633,27.728940203935103,58.486121728155524,82.80635075347142,33.47502900379894,128.51176419402847,31.736906600190643,669.3333471402177,1530.462376982336,421.14803299544883,3423.9943690189834,14183.09020824611,999.1880121080184,572.1747004832373,1485.8185839291805,273.51745705109676,2644.5754605866996,10292.07850492459,886.205863489281,TRUE,1.03086541598068,0.624631088552701,1.57540425301151,0.7373682320209478,0.706025899576933,0.7696247086005303,155632.2577599934,1193666.8269488402,100
Michigan,2020-05-12,665.834063800335,1531.1441611456503,425.38636533867225,472182.4051216671,53.14805835360477,42.338667232166245,60.830044824961256,27.16647858237713,56.25397508552692,79.81046681144889,31.897219347741725,125.30948292766894,30.639813026776935,667.6911005542885,1550.5086739589,421.39562649451,3481.1715612856337,14502.248763483387,968.979237634962,571.300523039271,1502.7688992438602,268.16119003321745,2683.462697716972,10068.18364694469,907.3877159381167,TRUE,1.0354764175773967,0.636203750239402,1.58711555023798,1.0561029362015848,1.0176473286181253,1.0955153545062795,144641.55678021815,1197090.4848294407,101
Michigan,2020-05-13,664.6462507611556,1532.904091542152,420.1979816483133,475729.7140284829,52.192023135010764,41.47404775737809,58.9506964676043,26.370989763121344,54.183926960117894,77.53127253754711,30.738180344744986,122.69301592072944,30.018732857612058,670.351959506856,1563.7703074556916,417.90865569580285,3479.2463258680827,14128.07822812769,970.5305222765464,565.460556218283,1552.7913661924463,265.64400979209523,2702.0834270436553,10376.115464904457,905.6483931827702,TRUE,1.0311050476703416,0.638857709303485,1.58530808663409,1.1418510476959112,1.1010839669445218,1.183612184303233,145741.06743827325,1202267.4747835058,102
Michigan,2020-05-14,668.5382549010824,1559.3180178644652,422.7441636649938,479068.79829883133,51.463438784752846,40.863017429836205,57.48150226014877,25.575894986071845,52.20078240742838,74.93668009308439,29.4774070227652,120.74681526448849,29.213901524225623,671.2412504729075,1604.746040536278,417.0635540479546,3486.2651049096385,14871.404649339462,965.307066568337,562.5166404683932,1562.6378459402872,258.5098408940979,2731.0786511022425,10814.839195688728,893.9097380334022,TRUE,1.0193020515902127,0.621026367256573,1.57993854542651,1.1383903637463428,1.097821698759019,1.1799463798466863,146770.3151835025,1210101.451291572,103
Michigan,2020-05-15,667.8578107226899,1583.8523435759923,417.6872241396271,482260.9721356379,50.9102955960097,40.213535166368246,56.65658885351855,24.739204951754278,50.61166951212881,73.121359133167,28.301675175986702,121.31957806734164,28.249990243243033,673.9551520325472,1649.6488710504482,414.82269426128573,3502.2329704490603,14859.177332148412,983.4478662482335,560.7495366172935,1559.6467273488338,254.87505814766752,2769.580641929946,11062.32141828584,881.8946530289162,TRUE,1.0296434731894482,0.604467327830768,1.6086785401608,1.1742219504530609,1.1335113013545646,1.2158958939714495,147768.48908760905,1224538.2221597356,104
Michigan,2020-05-16,672.0509845802594,1645.3528349345324,414.7421757874795,485344.8571859881,50.029091579904616,39.70982088057701,55.50426031549573,24.115700607099154,48.99796484854452,70.8621680945563,27.251855610955197,119.52282792046447,27.045452306180465,675.1789127254128,1657.8903101994097,412.99818044410716,3528.5287794758024,14275.924691561135,1017.4779405242579,559.0325110657591,1596.0426146955124,249.50934070392438,2745.0386496147685,11826.696579393627,891.9948870759391,TRUE,1.0297820072309611,0.578636431969381,1.62896809374409,1.2876882339404783,1.2456442304357138,1.3306678351431354,148784.3516599691,1238826.314919147,105
Michigan,2020-05-17,677.3567783931439,1646.144206713113,411.71890566681395,488956.5913019202,49.223965161464506,39.49977260955332,55.67979107661712,23.509256942088186,47.56022242627432,68.21829527434281,26.58992621735833,118.42493980057273,26.463621866583914,680.9995866044569,1662.471002319006,416.28015809323165,3531.125407472149,15081.490192078396,1022.6910482745998,564.075019533013,1645.769412667727,246.49971531914605,2796.779918319231,11724.710925204909,843.9911169783495,TRUE,1.0386274889209957,0.584268545723857,1.65564850126906,0.9717072427298341,0.9359606387907697,1.0083526381084407,149843.2800746106,1252548.405668336,106
Michigan,2020-05-18,678.7482320255762,1603.4672020665016,409.8088255559063,493259.77702320274,48.73225037159122,39.39894987889471,55.040659298620994,22.87293491585936,46.15058565604643,66.0364911568009,25.88515492007814,116.46312037786332,26.11492697416801,684.993319437263,1697.1647339347319,407.10398291984325,3523.893380264703,15281.427387324562,1014.6466985854199,563.226982046355,1697.4878167549455,245.1347664075713,2796.068558844101,11900.374866178252,863.7360577052681,TRUE,1.056486190557942,0.55828059929268,1.67549241636444,0.991387055511777,0.9559263773222372,1.027714040203385,150986.35580072616,1266282.0859462782,107
Michigan,2020-05-19,682.9943833304117,1656.590951218087,406.048030680904,498042.1030123491,48.68070975356113,39.13723566995939,54.88080446358164,22.060643522182907,44.98290630330531,63.82891110136366,25.133820818777558,115.88910310708941,25.58177474762499,686.8686130917338,1695.3841826204698,400.6742758345629,3562.81593255448,15311.352466597684,962.0158252051162,567.523381502055,1736.8254607980693,237.8491901250433,2833.7652095749963,12421.695440089585,840.0414133172612,TRUE,1.0700796268048989,0.552612128809033,1.71807726415361,1.0135380433810426,0.977740634930047,1.0501987280633058,164364.9636640097,1290916.436380223,108
Michigan,2020-05-20,682.6194076730367,1679.0801278600602,401.8183388023727,504446.6106591478,48.62896202652179,39.21226569380701,55.54714846039158,21.830608971936194,44.074411424240814,62.14822867029878,24.583358874301354,115.85828835989889,25.137623612884763,688.8954190173057,1753.9991055595979,392.0523793046914,3664.6762647994537,15830.345473716052,946.710005630217,571.5015979435075,1803.9349185101028,237.9716839574049,2879.521934217076,12330.959601030376,835.3740897194143,TRUE,1.0723923021935895,0.547968025526856,1.77665725422296,0.93385791493491,0.8995220548019862,0.969056622431381,161963.28485635316,1295338.0542098924,109
Michigan,2020-05-21,688.9844916604043,1749.1468297705705,398.842071046099,508015.21011878236,48.39521211060287,39.0128566562133,55.90103419126235,21.40797721656675,43.16785459102774,60.84217135074424,23.96798497241459,117.04297063908098,24.854965559213646,691.1110723164542,1831.6574945454136,387.3932518987476,3794.995931655508,17034.499554802354,1003.5451260014868,572.8309783193504,1862.8095443717125,234.41261720992065,2911.203324969964,12401.002801678762,861.431130038877,TRUE,1.072237193231656,0.542099334117374,1.79579123483628,0.8272460595064814,0.7949250179783641,0.8604315576978935,154583.75778516184,1299588.2664182447,110
Michigan,2020-05-22,687.6439966556561,1800.2474433792097,394.20552472925493,512770.8912415245,48.47674632824946,39.20634651430595,55.77325290304749,21.003248010482068,42.59311154813051,59.4283225312916,23.205065573093897,117.3931220996488,24.14367972205448,691.660663616854,1890.8811128184757,384.2741661827843,3842.82795180005,18158.499965688035,978.1290884244117,578.4651970656591,1939.3881838553796,239.30565010403205,2922.6461524451097,12423.131884215902,857.3715878021906,TRUE,1.078457622815679,0.563829791646364,1.80858744237803,0.8004801625606769,0.7684139072308845,0.8334263495000827,155779.52553604834,1303692.3444974462,111
Michigan,2020-05-23,685.8656836587015,1854.6885597231742,390.1849907620816,517489.36933788715,48.57924463394822,39.18164581824176,56.97535062521689,20.550650458130185,41.79137390840902,58.33202920875321,22.540788404027865,116.24572770293025,23.66769055389986,695.3384736846026,1979.9513285223961,390.23386073418936,3884.758239245438,19471.337165626297,991.1341606153426,583.0022847657033,1966.2528640711284,243.19834140398427,2931.658716949271,12627.827083481163,876.7319472088984,TRUE,1.0869538704396997,0.562627490702192,1.82092932161161,0.6666328700377191,0.6368945265993377,0.6972828364314404,157049.41773296517,1307891.0550030442,112
Michigan,2020-05-24,697.9929395921329,1913.3017957937984,387.91070499354146,523214.06258804246,48.555748656160794,39.303415023718266,57.77209859870649,20.29630793558303,41.20761418452389,57.62592066396004,22.001320561004654,119.53689562957854,23.678678862785873,701.5918256003641,2063.103168672194,389.3038474430231,3979.5391678592005,21206.521133469956,955.7363384692743,587.5698359508009,1971.4025286659269,239.43853435834103,2983.022145402774,12920.298629159037,870.3859025537181,TRUE,1.101526381903681,0.529118953188573,1.8208822517641,0.5971513507763833,0.568320613158878,0.6269410489333249,158462.9233074474,1319573.965584943,113
Michigan,2020-05-25,703.1620868857832,2007.9009604616003,394.5789192942823,529944.4378694678,48.71664448499139,39.31827727754618,58.11862013767883,20.183490861234212,40.59774717188601,56.73428834571915,21.2443576373568,118.89315095297835,23.30537706903742,702.2066820861461,2089.5357427805243,392.4489134306559,4079.431444724347,23302.501468394432,910.4036448015754,588.1832167709726,2018.2730256517452,239.11220943505714,3034.0668820474552,13713.901704942244,882.5830368545974,TRUE,1.1047224119276455,0.507726361243378,1.81702663485553,0.6848277155912613,0.652747711651755,0.7179419758728339,160112.95398804275,1343322.909889742,114
Michigan,2020-05-26,706.6745991684941,2097.1741979668177,392.7834820402559,535027.5862032514,48.63508148841811,39.30692291023267,58.980630724463815,19.573015058057496,40.42980431416602,55.978273497499174,20.94292859166092,119.15837920235018,22.887117985205215,710.9305412615377,2236.9690367484104,396.9628037031009,4249.917566207436,25777.55874398591,853.7958930136663,597.3025300094464,2023.5348475180904,231.26001137418857,3068.422486665655,14228.596584308823,877.349959657244,TRUE,1.1103237499927843,0.516059595989208,1.86390739347652,0.7263100922814,0.6918234478110835,0.7619242268507275,171310.10455371867,1384034.376156025,115
Michigan,2020-05-27,710.1029200107012,2146.43626459073,395.3059129776409,539033.7205206032,49.02159058639881,39.30180630567457,60.18977778032641,19.198148459790467,40.16223527824109,55.13522927891223,21.11279733057001,121.44525841618534,22.595210682285455,719.0664475310732,2234.5387208639095,390.8846097770156,4392.808280655964,28071.572518263594,830.4667152854652,604.5117429237497,2082.9464390193957,232.2390008683755,3122.9140204017676,15078.35752913756,875.9302669243091,TRUE,1.1254415075221171,0.50984741855592,1.91299453364309,0.9219913364803679,0.8815981310036056,0.9635999388847492,192472.06297973648,1417203.9838013398,116
Michigan,2020-05-28,716.789949290447,2143.8958467934053,404.6479670342267,543442.9465226422,49.274516673347065,39.40541075047062,62.52059536682523,18.85279907374944,40.09465704720367,54.62081989789856,20.58026835865366,122.54027232364135,22.489312511676843,727.7556594860114,2299.223728179304,398.5190682172971,4501.424988380503,29000.668189000997,755.2194434868143,610.7957883168747,2133.799901788986,234.9745788485187,3251.2087750325472,16236.255625316078,835.4261351909624,TRUE,1.143529201403582,0.487809498286725,1.95686457618113,1.00468852923452,0.9613375419322937,1.0493236081812112,166112.00440456,1393547.8660061702,117
Michigan,2020-05-29,725.8057818231744,2243.596840120912,408.2239595319604,549785.8274176659,49.687145581353064,39.62216929974076,64.18025257327173,18.77932925731318,39.98896086863972,54.49860366344249,20.02033430734687,123.12851370761177,22.444002501333095,738.1876965928577,2296.696065952775,408.8040272575144,4730.20665579666,32361.596803276203,687.8993027321883,620.2218331967082,2152.348059115043,238.25305290942222,3339.8698675088262,17717.271467903993,809.9269902328981,TRUE,1.1529891524764795,0.472016139355992,1.9562571116534,1.1743491213051649,1.1269434506362401,1.2230659615225352,168767.68850501208,1408601.0031446498,118
Michigan,2020-05-30,735.7656832840983,2270.179212949195,414.58687907723487,556395.2145432162,50.05238964483622,39.95437277418776,65.92581500447544,18.744358455577743,39.85553483638412,54.037973658163494,19.70069392591538,123.62420724290284,22.26442397276705,747.6561694593303,2382.9363553262274,416.46306181728664,4817.905834287075,34022.74153749184,621.3559490409195,630.9049799694321,2164.284680458458,240.6957151869847,3430.8428517798857,18786.86539199473,792.394477036529,TRUE,1.1456448705176656,0.465409690334631,2.07424481852934,0.9797362012364655,0.9366159082800354,1.0241600903440033,180282.98386235663,1448318.1274764508,119
Michigan,2020-05-31,744.956211176018,2324.7736820805394,421.03616915186967,562768.316836741,50.099471673147704,39.878249743180945,67.66327905339948,18.55164499056994,39.90797056026825,54.23809694845291,19.675132241131223,124.70923391474878,22.024158115714116,762.118107111072,2442.5264853022773,415.4352584662769,4887.599732110467,37036.036026872476,596.4862344756414,631.8425859835381,2247.8924329458864,240.99542635999904,3530.6008243174656,20684.093105320975,754.6321541029631,TRUE,1.1205110019346132,0.446973868557516,2.10718927553403,0.8578743144501201,0.8179422047075222,0.8990854295086176,174793.60749671538,1469951.2238901723,120
Michigan,2020-06-01,763.2134703968345,2356.1791745424935,426.01314314056424,570725.4575540867,50.181446117035044,39.800534970219424,69.19662505573461,18.554815099469756,39.972126654956284,54.7324204102696,19.28148485913328,127.32961588686197,22.201918704469257,783.6222456858702,2392.5402301564454,424.31110209515896,5064.405694040126,42540.3341428233,525.4517170363481,632.9953125886138,2316.1621507525724,243.57152334513063,3618.237538511621,21900.986553357667,717.5054898254377,TRUE,1.123657349717604,0.426802598206157,2.20038124159944,0.7114523914019989,0.6750204827170669,0.7491721806188207,200580.28524117198,1525198.6871776173,121
Michigan,2020-06-02,778.2171109533633,2411.6518277617884,438.7696718209479,578291.5358000519,50.356273288858475,40.17339631058289,70.95690603232198,18.75762098311294,40.22116892555994,55.23972923653984,19.456814268180093,131.8029217553347,22.09616497813262,808.2777603721022,2467.1543448186485,440.4471045274247,5168.694150338921,46375.82731060679,497.5418271861348,639.9035238729808,2412.949970012471,249.21248132932976,3793.711083466136,23416.46193152162,686.3813780376181,TRUE,1.1146348187107458,0.436961318938071,2.27415512436999,0.7069368514047859,0.6699975459519608,0.7452095875166732,181661.4484901206,1518269.8138301976,122
Michigan,2020-06-03,805.1617656820372,2451.0521732325647,453.7174478341387,586388.1242492665,50.68885749332743,40.563530444583805,73.94188043090952,18.458650905970828,40.01478526223903,55.75673178665803,19.333488227026145,138.69164377831163,22.129553708730594,829.9700821247171,2715.8269178366045,422.5922778498251,5177.470715551341,51865.029827900755,445.8312787889105,653.5641559785779,2512.090052256852,244.86626010654885,3886.560403539771,25305.146965198386,620.4009317248576,TRUE,1.1164260861967763,0.430172919666237,2.32973110614259,3.393344523446558,3.3091918599832195,3.4789119088166256,209725.86919792375,1588485.3827215766,123
Michigan,2020-06-04,822.2517326043363,2612.096452301572,434.1202032938071,592368.4985290109,51.31450787596968,40.78074250726493,76.4143922258906,18.594601054239718,39.98773780596879,56.88324079142791,19.282411358773004,144.816070534985,22.13956541970988,850.0458235303569,2901.7865136646533,420.40296449651805,5265.969166234069,59901.97810304251,396.2817100715727,659.1432165161776,2636.687630911906,243.72498931741575,3955.587270377001,26924.604223338756,574.7004022766067,TRUE,1.116061839286455,0.421361185441644,2.35354706264119,3.275861859688102,3.1965759128102174,3.35644813770596,188996.04164083806,1566780.184450007,124
Michigan,2020-06-05,854.5647883388999,2856.2181662912662,425.75199501030556,604255.266841122,52.13106639707618,41.042813796754174,79.25381297421097,18.708097375255953,39.96619873773149,58.03919921695905,18.925947520559625,150.4775713529284,22.383682738018837,872.9364618635915,3148.9634005693547,399.00834204191517,5534.07373471733,69464.13986009244,346.46370475334527,672.5626321712834,2801.1495313042888,241.79651235525904,3985.532530429555,30885.02963313237,530.6224934590448,TRUE,1.0999495344755013,0.401716643594501,2.46087127645626,2.4332081378154653,2.3753355554707833,2.4920131795471896,198531.23003305242,1588032.227166401,125
Michigan,2020-06-06,880.5631119285072,3102.4164471351883,409.6882014250649,611510.5546767435,52.72993065377161,41.57491294078183,83.36856818116894,18.52764191728395,39.97308888779201,60.32739232184808,18.78667493099273,155.3519614148027,22.577031815542398,904.6853338265653,3255.085883976742,388.20645531933644,5730.471830695103,81654.87216377651,295.2817964458176,686.5155195359256,2867.2713183009555,244.77719026821634,4158.2762582668765,34077.36864762337,460.0488500957256,TRUE,1.0902510454398526,0.39979076712384,2.51229338456882,1.757022403646966,1.7142563984916377,1.8004938285984142,196057.0009672544,1620582.8393544275,126
Michigan,2020-06-07,912.4094314790079,3226.7814988239224,391.8075931824966,621932.0540332336,53.88436516003064,41.71918592813168,87.32587362634578,18.667681756162175,40.1638637286825,61.91351502097697,19.06997463327594,165.27821643737923,22.647941454021968,942.224212538679,3538.317189662902,361.5442722711407,5783.904585707573,103893.31664961603,256.9257702300864,702.2960147313099,3013.40626370308,237.8983341005225,4323.6142427726945,37188.50668772595,419.85278746975416,TRUE,1.0908440826257748,0.385708506399419,2.63855985103803,1.5344362721530327,1.4981419754394882,1.5713120727293144,199419.08942316278,1662319.350317682,127
Michigan,2020-06-08,948.3048426396836,3423.1034057785437,369.00119220106023,630266.0918929264,54.467551408139414,42.42672236468387,91.07236439538949,18.56164403901306,40.258284636247765,64.26533248650978,19.421922425906025,170.5940832366838,22.26751919645479,977.5457851765726,3805.863568879495,339.6505541026869,5930.433922639209,116720.79817107532,230.41542349102548,730.47544507457485,3159.6606452737215,225.0173517607235,4422.069529940263,43043.0093523388,385.26566472290335,TRUE,1.082471329218846,0.365542423085808,2.78435045740066,0.3286070584789368,0.3129761540873252,0.34474993925746056,215878.7126502495,1735265.1031527899,128
Michigan,2020-06-09,978.2810491864457,3705.4685710112517,349.9151634384616,646231.4418551307,55.12231769237801,43.088588590219274,98.95836749971343,18.676751600998053,40.35514158660767,66.63378432295654,19.51012283026333,174.08606313488517,22.270558303850745,1002.523326902925,4187.743622590462,319.0806217407232,5978.8280846818025,140925.80698320383,201.45701224658302,750.5444509487253,3385.8435954886045,212.95509534864166,4485.376331329066,52817.2613442108,358.961293481546,TRUE,1.0811519984282656,0.338668783110095,2.85689500937707,0.28206955250254645,0.26787930278451044,0.29675230579883555,205301.26138913323,1786484.8113312125,129
Michigan,2020-06-10,1001.668396525873,4053.6095313959213,329.8629568043723,654018.9366349252,55.774283843638536,43.87055937154287,105.73832426866838,18.830787213600253,40.7010185501983,69.45095538881783,19.762899538491403,183.928786104893,22.832455447613537,1035.7793608780823,4713.568956860428,304.83224275698757,5924.825990480034,162352.34375871095,160.5493739617707,774.7068277707424,3621.705493756459,203.18942647358497,4596.093448738855,60290.35099830771,321.1577030496204,TRUE,NA,NA,NA,NA,NA,NA,205168.88993276283,1904991.2384142112,130
Michigan,2020-06-11,1038.8984130610838,4424.120167819011,313.52568262553507,664969.6137861431,56.67601572806815,44.596343164791506,112.53870343928077,19.25794406859557,40.69645809840397,71.69552248082547,20.049693698410994,189.8026788846136,23.146123622155724,1058.4845140407328,5420.214190789235,278.1096795336978,6080.345257210878,197021.55672587198,134.6883438809793,793.8488710951616,4196.855948152002,185.88889452884808,4755.330388146349,74380.12803034438,278.38485437634824,TRUE,NA,NA,NA,NA,NA,NA,205346.97514659684,2090333.4225726172,131
