date,state,cases,deaths,source,smoothing,fracpos
2020-03-10,Michigan,104,0,CTP,moving_average,0.79140286571143
2020-03-10,Michigan,104,0,CTP,GAM,0.947439706637662
2020-03-11,Michigan,139,0,CTP,moving_average,0.703224230581339
2020-03-11,Michigan,139,0,CTP,GAM,0.924088841744805
2020-03-12,Michigan,205,0,CTP,moving_average,0.651707317073171
2020-03-12,Michigan,205,0,CTP,GAM,0.892869352307264
2020-03-13,Michigan,243,0,CTP,moving_average,0.590915882265053
2020-03-13,Michigan,243,0,CTP,GAM,0.852844316287249
2020-03-14,Michigan,251,0,CTP,moving_average,0.546538792573466
2020-03-14,Michigan,251,0,CTP,GAM,0.803939336340719
2020-03-15,Michigan,284,0,CTP,moving_average,0.573638042474607
2020-03-15,Michigan,284,0,CTP,GAM,0.747267668873982
2020-03-16,Michigan,453,0,CTP,moving_average,0.546152351340847
2020-03-16,Michigan,453,0,CTP,GAM,0.685157610880369
2020-03-17,Michigan,460,0,CTP,moving_average,0.517870595128484
2020-03-17,Michigan,460,0,CTP,GAM,0.620785288173866
2020-03-18,Michigan,520,0,CTP,moving_average,0.471971830985915
2020-03-18,Michigan,520,0,CTP,GAM,0.557525830355655
2020-03-19,Michigan,479,3,CTP,moving_average,0.415001712524261
2020-03-19,Michigan,479,3,CTP,GAM,0.498295727386355
2020-03-20,Michigan,635,0,CTP,moving_average,0.388051694708608
2020-03-20,Michigan,635,0,CTP,GAM,0.445136402955883
2020-03-21,Michigan,516,2,CTP,moving_average,0.372543765630582
2020-03-21,Michigan,516,2,CTP,GAM,0.399121808263973
2020-03-22,Michigan,555,3,CTP,moving_average,0.362940086473132
2020-03-22,Michigan,555,3,CTP,GAM,0.360510537537151
2020-03-23,Michigan,691,7,CTP,moving_average,0.309911510247048
2020-03-23,Michigan,691,7,CTP,GAM,0.32900234926805
2020-03-24,Michigan,652,9,CTP,moving_average,0.295461975095842
2020-03-24,Michigan,652,9,CTP,GAM,0.303987350979651
2020-03-25,Michigan,619,19,CTP,moving_average,0.282838354983022
2020-03-25,Michigan,619,19,CTP,GAM,0.284733735466807
2020-03-26,Michigan,707,17,CTP,moving_average,0.277622221671581
2020-03-26,Michigan,707,17,CTP,GAM,0.270504969150733
2020-03-27,Michigan,892,32,CTP,moving_average,0.27111669905132
2020-03-27,Michigan,892,32,CTP,GAM,0.260619354189081
2020-03-28,Michigan,628,0,CTP,moving_average,0.262997852297616
2020-03-28,Michigan,628,0,CTP,GAM,0.254470248587927
2020-03-29,Michigan,723,40,CTP,moving_average,0.262268672345396
2020-03-29,Michigan,723,40,CTP,GAM,0.251522782424444
2020-03-30,Michigan,891,52,CTP,moving_average,0.258690744920993
2020-03-30,Michigan,891,52,CTP,GAM,0.251298461015564
2020-03-31,Michigan,974,75,CTP,moving_average,0.255688960956146
2020-03-31,Michigan,974,75,CTP,GAM,0.253355169315373
2020-04-01,Michigan,1013,78,CTP,moving_average,0.262476345961189
2020-04-01,Michigan,1013,78,CTP,GAM,0.257267421766456
2020-04-02,Michigan,1229,80,CTP,moving_average,0.275349333740016
2020-04-02,Michigan,1229,80,CTP,GAM,0.2626100369825
2020-04-03,Michigan,1135,62,CTP,moving_average,0.278218335433188
2020-04-03,Michigan,1135,62,CTP,GAM,0.268947329649211
2020-04-04,Michigan,1143,61,CTP,moving_average,0.280247094085825
2020-04-04,Michigan,1143,61,CTP,GAM,0.275829027985312
2020-04-05,Michigan,1172,77,CTP,moving_average,0.274286633194561
2020-04-05,Michigan,1172,77,CTP,GAM,0.282793233011541
2020-04-06,Michigan,1283,110,CTP,moving_average,0.274324941184733
2020-04-06,Michigan,1283,110,CTP,GAM,0.289375813211156
2020-04-07,Michigan,973,118,CTP,moving_average,0.297366185216652
2020-04-07,Michigan,973,118,CTP,GAM,0.295124800350172
2020-04-08,Michigan,766,114,CTP,moving_average,0.300577605259737
2020-04-08,Michigan,766,114,CTP,GAM,0.29961779968729
2020-04-09,Michigan,915,117,CTP,moving_average,0.302339321652111
2020-04-09,Michigan,915,117,CTP,GAM,0.302480274607465
2020-04-10,Michigan,1279,205,CTP,moving_average,0.291992510188347
2020-04-10,Michigan,1279,205,CTP,GAM,0.303402801402133
2020-04-11,Michigan,1210,111,CTP,moving_average,0.305855722861923
2020-04-11,Michigan,1210,111,CTP,GAM,0.302155864439262
2020-04-12,Michigan,645,95,CTP,moving_average,0.269042802670915
2020-04-12,Michigan,645,95,CTP,GAM,0.298601254433542
2020-04-13,Michigan,997,115,CTP,moving_average,0.258193202146691
2020-04-13,Michigan,997,115,CTP,GAM,0.292699455061362
2020-04-14,Michigan,1366,166,CTP,moving_average,0.255483567395396
2020-04-14,Michigan,1366,166,CTP,GAM,0.284512487149278
2020-04-15,Michigan,1058,153,CTP,moving_average,0.267596306667676
2020-04-15,Michigan,1058,153,CTP,GAM,0.274201606687345
2020-04-16,Michigan,1204,172,CTP,moving_average,0.236434981184266
2020-04-16,Michigan,1204,172,CTP,GAM,0.262019219629127
2020-04-17,Michigan,760,134,CTP,moving_average,0.218610092140608
2020-04-17,Michigan,760,134,CTP,GAM,0.248294605584867
2020-04-18,Michigan,768,81,CTP,moving_average,0.200277777777778
2020-04-18,Michigan,768,81,CTP,GAM,0.233413669248218
2020-04-19,Michigan,633,83,CTP,moving_average,0.183819607424792
2020-04-19,Michigan,633,83,CTP,GAM,0.217793915680521
2020-04-20,Michigan,576,77,CTP,moving_average,0.1732824330018
2020-04-20,Michigan,576,77,CTP,GAM,0.201856919700442
2020-04-21,Michigan,967,232,CTP,moving_average,0.165857280218108
2020-04-21,Michigan,967,232,CTP,GAM,0.186001349390259
2020-04-22,Michigan,999,113,CTP,moving_average,0.155562780112858
2020-04-22,Michigan,999,113,CTP,GAM,0.170579765581489
2020-04-23,Michigan,1325,164,CTP,moving_average,0.147068565750248
2020-04-23,Michigan,1325,164,CTP,GAM,0.155881819301567
2020-04-24,Michigan,1350,108,CTP,moving_average,0.136074995582993
2020-04-24,Michigan,1350,108,CTP,GAM,0.142125261837832
2020-04-25,Michigan,562,189,CTP,moving_average,0.128311435523114
2020-04-25,Michigan,562,189,CTP,GAM,0.129454742735141
2020-04-26,Michigan,575,41,CTP,moving_average,0.114915119010682
2020-04-26,Michigan,575,41,CTP,GAM,0.117947123609287
2020-04-27,Michigan,432,92,CTP,moving_average,0.111117025051451
2020-04-27,Michigan,432,92,CTP,GAM,0.107621277131124
2020-04-28,Michigan,1052,160,CTP,moving_average,0.113694308406244
2020-04-28,Michigan,1052,160,CTP,GAM,0.0984501539777116
2020-04-29,Michigan,1137,103,CTP,moving_average,0.104193784750657
2020-04-29,Michigan,1137,103,CTP,GAM,0.0903731793513752
2020-04-30,Michigan,980,119,CTP,moving_average,0.0906571869882099
2020-04-30,Michigan,980,119,CTP,GAM,0.0833075813771442
2020-05-01,Michigan,977,77,CTP,moving_average,0.0836415729315102
2020-05-01,Michigan,977,77,CTP,GAM,0.0771578536750434
2020-05-02,Michigan,851,154,CTP,moving_average,0.073729863692689
2020-05-02,Michigan,851,154,CTP,GAM,0.0718230720571481
2020-05-03,Michigan,547,29,CTP,moving_average,0.0701455865117133
2020-05-03,Michigan,547,29,CTP,GAM,0.0672021547981999
2020-05-04,Michigan,196,0,CTP,moving_average,0.0660664314393479
2020-05-04,Michigan,196,0,CTP,GAM,0.0631973715090446
2020-05-05,Michigan,447,130,CTP,moving_average,0.0653500299740225
2020-05-05,Michigan,447,130,CTP,GAM,0.0597164953409012
2020-05-06,Michigan,657,71,CTP,moving_average,0.0636366804921404
2020-05-06,Michigan,657,71,CTP,GAM,0.0566739959817912
2020-05-07,Michigan,592,93,CTP,moving_average,0.0561544905858828
2020-05-07,Michigan,592,93,CTP,GAM,0.0539916223095857
2020-05-08,Michigan,680,50,CTP,moving_average,0.0490890317047436
2020-05-08,Michigan,680,50,CTP,GAM,0.0515986501785073
2020-05-09,Michigan,430,133,CTP,moving_average,0.048669183351651
2020-05-09,Michigan,430,133,CTP,GAM,0.0494319898044615
2020-05-10,Michigan,382,25,CTP,moving_average,0.0406404130110782
2020-05-10,Michigan,382,25,CTP,GAM,0.047436268723153
2020-05-11,Michigan,414,33,CTP,moving_average,0.0412909950112828
2020-05-11,Michigan,414,33,CTP,GAM,0.0455639363345812
2020-05-12,Michigan,469,90,CTP,moving_average,0.0418921277709897
2020-05-12,Michigan,469,90,CTP,GAM,0.043775378753635
2020-05-13,Michigan,370,40,CTP,moving_average,0.0401986594223193
2020-05-13,Michigan,370,40,CTP,GAM,0.0420389914738957
2020-05-14,Michigan,1191,73,CTP,moving_average,0.0381745211255525
2020-05-14,Michigan,1191,73,CTP,GAM,0.0403311349709197
2020-05-15,Michigan,497,38,CTP,moving_average,0.0367876754389868
2020-05-15,Michigan,497,38,CTP,GAM,0.0386358961955117
2020-05-16,Michigan,425,55,CTP,moving_average,0.0354702935582334
2020-05-16,Michigan,425,55,CTP,GAM,0.0369445959702969
2020-05-17,Michigan,638,11,CTP,moving_average,0.0372323928060742
2020-05-17,Michigan,638,11,CTP,GAM,0.0352550146638706
2020-05-18,Michigan,773,24,CTP,moving_average,0.0347362147196801
2020-05-18,Michigan,773,24,CTP,GAM,0.0335703494050899
2020-05-19,Michigan,435,102,CTP,moving_average,0.0341834911920801
2020-05-19,Michigan,435,102,CTP,GAM,0.0318979569960288
2020-05-20,Michigan,659,43,CTP,moving_average,0.0333429896761625
2020-05-20,Michigan,659,43,CTP,GAM,0.0302479691221376
2020-05-21,Michigan,501,69,CTP,moving_average,0.031473273152426
2020-05-21,Michigan,501,69,CTP,GAM,0.0286318840255758
2020-05-22,Michigan,403,29,CTP,moving_average,0.029905314443486
2020-05-22,Michigan,403,29,CTP,GAM,0.027061238656176
2020-05-23,Michigan,452,65,CTP,moving_average,0.0309394700823021
2020-05-23,Michigan,452,65,CTP,GAM,0.0255464487082328
2020-05-24,Michigan,314,5,CTP,moving_average,0.0281204151497039
2020-05-24,Michigan,314,5,CTP,GAM,0.0240960008382656
2020-05-25,Michigan,202,12,CTP,moving_average,0.0325526891195594
2020-05-25,Michigan,202,12,CTP,GAM,0.022716092249566
2020-05-26,Michigan,223,26,CTP,moving_average,0.0293825749997367
2020-05-26,Michigan,223,26,CTP,GAM,0.0214097352797615
2020-03-10,Michigan,2,0,NYT,moving_average,0.79140286571143
2020-03-10,Michigan,2,0,NYT,GAM,0.947439706637662
2020-03-11,Michigan,0,0,NYT,moving_average,0.703224230581339
2020-03-11,Michigan,0,0,NYT,GAM,0.924088841744805
2020-03-12,Michigan,10,0,NYT,moving_average,0.651707317073171
2020-03-12,Michigan,10,0,NYT,GAM,0.892869352307264
2020-03-13,Michigan,13,0,NYT,moving_average,0.590915882265053
2020-03-13,Michigan,13,0,NYT,GAM,0.852844316287249
2020-03-14,Michigan,8,0,NYT,moving_average,0.546538792573466
2020-03-14,Michigan,8,0,NYT,GAM,0.803939336340719
2020-03-15,Michigan,20,0,NYT,moving_average,0.573638042474607
2020-03-15,Michigan,20,0,NYT,GAM,0.747267668873982
2020-03-16,Michigan,1,0,NYT,moving_average,0.546152351340847
2020-03-16,Michigan,1,0,NYT,GAM,0.685157610880369
2020-03-17,Michigan,11,0,NYT,moving_average,0.517870595128484
2020-03-17,Michigan,11,0,NYT,GAM,0.620785288173866
2020-03-18,Michigan,15,1,NYT,moving_average,0.471971830985915
2020-03-18,Michigan,15,1,NYT,GAM,0.557525830355655
2020-03-19,Michigan,254,2,NYT,moving_average,0.415001712524261
2020-03-19,Michigan,254,2,NYT,GAM,0.498295727386355
2020-03-20,Michigan,214,1,NYT,moving_average,0.388051694708608
2020-03-20,Michigan,214,1,NYT,GAM,0.445136402955883
2020-03-21,Michigan,239,2,NYT,moving_average,0.372543765630582
2020-03-21,Michigan,239,2,NYT,GAM,0.399121808263973
2020-03-22,Michigan,246,3,NYT,moving_average,0.362940086473132
2020-03-22,Michigan,246,3,NYT,GAM,0.360510537537151
2020-03-23,Michigan,291,7,NYT,moving_average,0.309911510247048
2020-03-23,Michigan,291,7,NYT,GAM,0.32900234926805
2020-03-24,Michigan,467,8,NYT,moving_average,0.295461975095842
2020-03-24,Michigan,467,8,NYT,GAM,0.303987350979651
2020-03-25,Michigan,502,19,NYT,moving_average,0.282838354983022
2020-03-25,Michigan,502,19,NYT,GAM,0.284733735466807
2020-03-26,Michigan,584,20,NYT,moving_average,0.277622221671581
2020-03-26,Michigan,584,20,NYT,GAM,0.270504969150733
2020-03-27,Michigan,778,30,NYT,moving_average,0.27111669905132
2020-03-27,Michigan,778,30,NYT,GAM,0.260619354189081
2020-03-28,Michigan,979,18,NYT,moving_average,0.262997852297616
2020-03-28,Michigan,979,18,NYT,GAM,0.254470248587927
2020-03-29,Michigan,852,21,NYT,moving_average,0.262268672345396
2020-03-29,Michigan,852,21,NYT,GAM,0.251522782424444
2020-03-30,Michigan,1022,65,NYT,moving_average,0.258690744920993
2020-03-30,Michigan,1022,65,NYT,GAM,0.251298461015564
2020-03-31,Michigan,1121,67,NYT,moving_average,0.255688960956146
2020-03-31,Michigan,1121,67,NYT,GAM,0.253355169315373
2020-04-01,Michigan,1663,72,NYT,moving_average,0.262476345961189
2020-04-01,Michigan,1663,72,NYT,GAM,0.257267421766456
2020-04-02,Michigan,1499,81,NYT,moving_average,0.275349333740016
2020-04-02,Michigan,1499,81,NYT,GAM,0.2626100369825
2020-04-03,Michigan,1878,61,NYT,moving_average,0.278218335433188
2020-04-03,Michigan,1878,61,NYT,GAM,0.268947329649211
2020-04-04,Michigan,1556,62,NYT,moving_average,0.280247094085825
2020-04-04,Michigan,1556,62,NYT,GAM,0.275829027985312
2020-04-05,Michigan,1408,76,NYT,moving_average,0.274286633194561
2020-04-05,Michigan,1408,76,NYT,GAM,0.282793233011541
2020-04-06,Michigan,1496,111,NYT,moving_average,0.274324941184733
2020-04-06,Michigan,1496,111,NYT,GAM,0.289375813211156
2020-04-07,Michigan,1722,118,NYT,moving_average,0.297366185216652
2020-04-07,Michigan,1722,118,NYT,GAM,0.295124800350172
2020-04-08,Michigan,1369,114,NYT,moving_average,0.300577605259737
2020-04-08,Michigan,1369,114,NYT,GAM,0.29961779968729
2020-04-09,Michigan,1155,117,NYT,moving_average,0.302339321652111
2020-04-09,Michigan,1155,117,NYT,GAM,0.302480274607465
2020-04-10,Michigan,1271,204,NYT,moving_average,0.291992510188347
2020-04-10,Michigan,1271,204,NYT,GAM,0.303402801402133
2020-04-11,Michigan,1207,111,NYT,moving_average,0.305855722861923
2020-04-11,Michigan,1207,111,NYT,GAM,0.302155864439262
2020-04-12,Michigan,641,95,NYT,moving_average,0.269042802670915
2020-04-12,Michigan,641,95,NYT,GAM,0.298601254433542
2020-04-13,Michigan,993,115,NYT,moving_average,0.258193202146691
2020-04-13,Michigan,993,115,NYT,GAM,0.292699455061362
2020-04-14,Michigan,1357,165,NYT,moving_average,0.255483567395396
2020-04-14,Michigan,1357,165,NYT,GAM,0.284512487149278
2020-04-15,Michigan,1049,153,NYT,moving_average,0.267596306667676
2020-04-15,Michigan,1049,153,NYT,GAM,0.274201606687345
2020-04-16,Michigan,1226,172,NYT,moving_average,0.236434981184266
2020-04-16,Michigan,1226,172,NYT,GAM,0.262019219629127
2020-04-17,Michigan,833,135,NYT,moving_average,0.218610092140608
2020-04-17,Michigan,833,135,NYT,GAM,0.248294605584867
2020-04-18,Michigan,765,81,NYT,moving_average,0.200277777777778
2020-04-18,Michigan,765,81,NYT,GAM,0.233413669248218
2020-04-19,Michigan,631,82,NYT,moving_average,0.183819607424792
2020-04-19,Michigan,631,82,NYT,GAM,0.217793915680521
2020-04-20,Michigan,579,77,NYT,moving_average,0.1732824330018
2020-04-20,Michigan,579,77,NYT,GAM,0.201856919700442
2020-04-21,Michigan,1008,232,NYT,moving_average,0.165857280218108
2020-04-21,Michigan,1008,232,NYT,GAM,0.186001349390259
2020-04-22,Michigan,994,114,NYT,moving_average,0.155562780112858
2020-04-22,Michigan,994,114,NYT,GAM,0.170579765581489
2020-04-23,Michigan,1323,165,NYT,moving_average,0.147068565750248
2020-04-23,Michigan,1323,165,NYT,GAM,0.155881819301567
2020-04-24,Michigan,1375,107,NYT,moving_average,0.136074995582993
2020-04-24,Michigan,1375,107,NYT,GAM,0.142125261837832
2020-04-25,Michigan,557,189,NYT,moving_average,0.128311435523114
2020-04-25,Michigan,557,189,NYT,GAM,0.129454742735141
2020-04-26,Michigan,567,41,NYT,moving_average,0.114915119010682
2020-04-26,Michigan,567,41,NYT,GAM,0.117947123609287
2020-04-27,Michigan,439,92,NYT,moving_average,0.111117025051451
2020-04-27,Michigan,439,92,NYT,GAM,0.107621277131124
2020-04-28,Michigan,1044,160,NYT,moving_average,0.113694308406244
2020-04-28,Michigan,1044,160,NYT,GAM,0.0984501539777116
2020-04-29,Michigan,1126,104,NYT,moving_average,0.104193784750657
2020-04-29,Michigan,1126,104,NYT,GAM,0.0903731793513752
2020-04-30,Michigan,987,118,NYT,moving_average,0.0906571869882099
2020-04-30,Michigan,987,118,NYT,GAM,0.0833075813771442
2020-05-01,Michigan,1001,78,NYT,moving_average,0.0836415729315102
2020-05-01,Michigan,1001,78,NYT,GAM,0.0771578536750434
2020-05-02,Michigan,843,154,NYT,moving_average,0.073729863692689
2020-05-02,Michigan,843,154,NYT,GAM,0.0718230720571481
2020-05-03,Michigan,545,29,NYT,moving_average,0.0701455865117133
2020-05-03,Michigan,545,29,NYT,GAM,0.0672021547981999
2020-05-04,Michigan,192,86,NYT,moving_average,0.0660664314393479
2020-05-04,Michigan,192,86,NYT,GAM,0.0631973715090446
2020-05-05,Michigan,405,44,NYT,moving_average,0.0653500299740225
2020-05-05,Michigan,405,44,NYT,GAM,0.0597164953409012
2020-05-06,Michigan,715,71,NYT,moving_average,0.0636366804921404
2020-05-06,Michigan,715,71,NYT,GAM,0.0566739959817912
2020-05-07,Michigan,595,93,NYT,moving_average,0.0561544905858828
2020-05-07,Michigan,595,93,NYT,GAM,0.0539916223095857
2020-05-08,Michigan,676,50,NYT,moving_average,0.0490890317047436
2020-05-08,Michigan,676,50,NYT,GAM,0.0515986501785073
2020-05-09,Michigan,416,133,NYT,moving_average,0.048669183351651
2020-05-09,Michigan,416,133,NYT,GAM,0.0494319898044615
2020-05-10,Michigan,381,25,NYT,moving_average,0.0406404130110782
2020-05-10,Michigan,381,25,NYT,GAM,0.047436268723153
2020-05-11,Michigan,410,33,NYT,moving_average,0.0412909950112828
2020-05-11,Michigan,410,33,NYT,GAM,0.0455639363345812
2020-05-12,Michigan,420,90,NYT,moving_average,0.0418921277709897
2020-05-12,Michigan,420,90,NYT,GAM,0.043775378753635
2020-05-13,Michigan,361,40,NYT,moving_average,0.0401986594223193
2020-05-13,Michigan,361,40,NYT,GAM,0.0420389914738957
2020-05-14,Michigan,1182,73,NYT,moving_average,0.0381745211255525
2020-05-14,Michigan,1182,73,NYT,GAM,0.0403311349709197
2020-05-15,Michigan,493,38,NYT,moving_average,0.0367876754389868
2020-05-15,Michigan,493,38,NYT,GAM,0.0386358961955117
2020-05-16,Michigan,434,55,NYT,moving_average,0.0354702935582334
2020-05-16,Michigan,434,55,NYT,GAM,0.0369445959702969
2020-05-17,Michigan,638,11,NYT,moving_average,0.0372323928060742
2020-05-17,Michigan,638,11,NYT,GAM,0.0352550146638706
2020-05-18,Michigan,799,24,NYT,moving_average,0.0347362147196801
2020-05-18,Michigan,799,24,NYT,GAM,0.0335703494050899
2020-05-19,Michigan,484,102,NYT,moving_average,0.0341834911920801
2020-05-19,Michigan,484,102,NYT,GAM,0.0318979569960288
2020-05-20,Michigan,651,43,NYT,moving_average,0.0333429896761625
2020-05-20,Michigan,651,43,NYT,GAM,0.0302479691221376
2020-05-21,Michigan,480,69,NYT,moving_average,0.031473273152426
2020-05-21,Michigan,480,69,NYT,GAM,0.0286318840255758
2020-05-22,Michigan,397,29,NYT,moving_average,0.029905314443486
2020-05-22,Michigan,397,29,NYT,GAM,0.027061238656176
2020-05-23,Michigan,439,65,NYT,moving_average,0.0309394700823021
2020-05-23,Michigan,439,65,NYT,GAM,0.0255464487082328
2020-05-24,Michigan,312,5,NYT,moving_average,0.0281204151497039
2020-05-24,Michigan,312,5,NYT,GAM,0.0240960008382656
2020-05-25,Michigan,200,12,NYT,moving_average,0.0325526891195594
2020-05-25,Michigan,200,12,NYT,GAM,0.022716092249566
2020-05-26,Michigan,224,26,NYT,moving_average,0.0293825749997367
2020-05-26,Michigan,224,26,NYT,GAM,0.0214097352797615
2020-03-04,New York,6,0,CTP,moving_average,0.701298701298701
2020-03-04,New York,6,0,CTP,GAM,0.0405488565142071
2020-03-05,New York,16,0,CTP,moving_average,0.701298701298701
2020-03-05,New York,16,0,CTP,GAM,0.0460283261892305
2020-03-06,New York,11,0,CTP,moving_average,0.1315625
2020-03-06,New York,11,0,CTP,GAM,0.0522123358495578
2020-03-07,New York,43,0,CTP,moving_average,0.158643657281259
2020-03-07,New York,43,0,CTP,GAM,0.0591873262877627
2020-03-08,New York,29,0,CTP,moving_average,0.138277693474962
2020-03-08,New York,29,0,CTP,GAM,0.0670498074826485
2020-03-09,New York,37,0,CTP,moving_average,0.172947387584198
2020-03-09,New York,37,0,CTP,GAM,0.0759052028253888
2020-03-10,New York,31,0,CTP,moving_average,0.235914515681377
2020-03-10,New York,31,0,CTP,GAM,0.0858654005972794
2020-03-11,New York,43,0,CTP,moving_average,0.163184215934781
2020-03-11,New York,43,0,CTP,GAM,0.0970446715977282
2020-03-12,New York,0,0,CTP,moving_average,0.186504723346829
2020-03-12,New York,0,0,CTP,GAM,0.109553648625429
2020-03-13,New York,205,0,CTP,moving_average,0.218998422468991
2020-03-13,New York,205,0,CTP,GAM,0.123491178832741
2020-03-14,New York,103,0,CTP,moving_average,0.227820444915254
2020-03-14,New York,103,0,CTP,GAM,0.138934084026428
2020-03-15,New York,205,3,CTP,moving_average,0.246468407558016
2020-03-15,New York,205,3,CTP,GAM,0.155925214190016
2020-03-16,New York,221,4,CTP,moving_average,0.26596834502894
2020-03-16,New York,221,4,CTP,GAM,0.1744606422247
2020-03-17,New York,750,0,CTP,moving_average,0.280361615185201
2020-03-17,New York,750,0,CTP,GAM,0.19447735954133
2020-03-18,New York,682,5,CTP,moving_average,0.296839576026508
2020-03-18,New York,682,5,CTP,GAM,0.215843269946444
2020-03-19,New York,1770,0,CTP,moving_average,0.304131498571382
2020-03-19,New York,1770,0,CTP,GAM,0.23835147594514
2020-03-20,New York,2950,23,CTP,moving_average,0.305400666918767
2020-03-20,New York,2950,23,CTP,GAM,0.261720643251981
2020-03-21,New York,3254,9,CTP,moving_average,0.339786818913929
2020-03-21,New York,3254,9,CTP,GAM,0.285602530661615
2020-03-22,New York,4812,70,CTP,moving_average,0.348929650946131
2020-03-22,New York,4812,70,CTP,GAM,0.30959664926513
2020-03-23,New York,5707,0,CTP,moving_average,0.362966069891168
2020-03-23,New York,5707,0,CTP,GAM,0.333270708460543
2020-03-24,New York,4790,96,CTP,moving_average,0.37480031848888
2020-03-24,New York,4790,96,CTP,GAM,0.356184374837047
2020-03-25,New York,5146,75,CTP,moving_average,0.383818340088172
2020-03-25,New York,5146,75,CTP,GAM,0.37791325844683
2020-03-26,New York,6447,100,CTP,moving_average,0.401122263424374
2020-03-26,New York,6447,100,CTP,GAM,0.398070135182963
2020-03-27,New York,7377,134,CTP,moving_average,0.41434124145805
2020-03-27,New York,7377,134,CTP,GAM,0.416321161693658
2020-03-28,New York,7683,209,CTP,moving_average,0.42438115560085
2020-03-28,New York,7683,209,CTP,GAM,0.43239598008391
2020-03-29,New York,7195,237,CTP,moving_average,0.434798690250464
2020-03-29,New York,7195,237,CTP,GAM,0.446091793894489
2020-03-30,New York,6984,253,CTP,moving_average,0.445322077020932
2020-03-30,New York,6984,253,CTP,GAM,0.457272424003251
2020-03-31,New York,9298,332,CTP,moving_average,0.450733280105742
2020-03-31,New York,9298,332,CTP,GAM,0.465863861797967
2020-04-01,New York,7917,391,CTP,moving_average,0.451473804507764
2020-04-01,New York,7917,391,CTP,GAM,0.471847918939822
2020-04-02,New York,8669,432,CTP,moving_average,0.448245218176138
2020-04-02,New York,8669,432,CTP,GAM,0.475255328509399
2020-04-03,New York,10482,562,CTP,moving_average,0.4505157532093
2020-04-03,New York,10482,562,CTP,GAM,0.476159225472793
2020-04-04,New York,10841,630,CTP,moving_average,0.460062934623188
2020-04-04,New York,10841,630,CTP,GAM,0.474669460985617
2020-04-05,New York,8327,594,CTP,moving_average,0.446158728289282
2020-04-05,New York,8327,594,CTP,GAM,0.470927785503275
2020-04-06,New York,8658,599,CTP,moving_average,0.442873622944016
2020-04-06,New York,8658,599,CTP,GAM,0.465103630233446
2020-04-07,New York,8174,731,CTP,moving_average,0.43403214200048
2020-04-07,New York,8174,731,CTP,GAM,0.457390051826269
2020-04-08,New York,10453,779,CTP,moving_average,0.4300898306247
2020-04-08,New York,10453,779,CTP,GAM,0.447999382995417
2020-04-09,New York,10621,799,CTP,moving_average,0.420298514705838
2020-04-09,New York,10621,799,CTP,GAM,0.437158234375556
2020-04-10,New York,10575,777,CTP,moving_average,0.410643873893819
2020-04-10,New York,10575,777,CTP,GAM,0.425101686571204
2020-04-11,New York,9946,783,CTP,moving_average,0.398405414092354
2020-04-11,New York,9946,783,CTP,GAM,0.412066749428174
2020-04-12,New York,8236,758,CTP,moving_average,0.386549437912881
2020-04-12,New York,8236,758,CTP,GAM,0.398285394950765
2020-04-13,New York,6337,671,CTP,moving_average,0.378432419227881
2020-04-13,New York,6337,671,CTP,GAM,0.383977641331076
2020-04-14,New York,7177,778,CTP,moving_average,0.368328290422935
2020-04-14,New York,7177,778,CTP,GAM,0.369345243280059
2020-04-15,New York,11571,752,CTP,moving_average,0.358728070707193
2020-04-15,New York,11571,752,CTP,GAM,0.354566516382262
2020-04-16,New York,8505,606,CTP,moving_average,0.34508883897124
2020-04-16,New York,8505,606,CTP,GAM,0.33979270367442
2020-04-17,New York,7358,630,CTP,moving_average,0.329255957559119
2020-04-17,New York,7358,630,CTP,GAM,0.325146113583323
2020-04-18,New York,7090,540,CTP,moving_average,0.310359399804828
2020-04-18,New York,7090,540,CTP,GAM,0.310720060708509
2020-04-19,New York,6054,507,CTP,moving_average,0.295268545709032
2020-04-19,New York,6054,507,CTP,GAM,0.296580462206408
2020-04-20,New York,4726,478,CTP,moving_average,0.28341207262671
2020-04-20,New York,4726,478,CTP,GAM,0.282768808108935
2020-04-21,New York,4178,481,CTP,moving_average,0.27295390263394
2020-04-21,New York,4178,481,CTP,GAM,0.26930614384238
2020-04-22,New York,5526,474,CTP,moving_average,0.261111914672495
2020-04-22,New York,5526,474,CTP,GAM,0.25619767419469
2020-04-23,New York,6244,438,CTP,moving_average,0.241823801998804
2020-04-23,New York,6244,438,CTP,GAM,0.2434376084742
2020-04-24,New York,8130,422,CTP,moving_average,0.228281665025912
2020-04-24,New York,8130,422,CTP,GAM,0.231013902617393
2020-04-25,New York,10553,437,CTP,moving_average,0.215978831042276
2020-04-25,New York,10553,437,CTP,GAM,0.218912603584478
2020-04-26,New York,5902,367,CTP,moving_average,0.204641236430316
2020-04-26,New York,5902,367,CTP,GAM,0.207121556942492
2020-04-27,New York,3951,337,CTP,moving_average,0.195422765583508
2020-04-27,New York,3951,337,CTP,GAM,0.195633297036642
2020-04-28,New York,3110,335,CTP,moving_average,0.186513702479255
2020-04-28,New York,3110,335,CTP,GAM,0.184447000723983
2020-04-29,New York,4585,377,CTP,moving_average,0.177788271404539
2020-04-29,New York,4585,377,CTP,GAM,0.173569451450751
2020-04-30,New York,4681,306,CTP,moving_average,0.167723975672368
2020-04-30,New York,4681,306,CTP,GAM,0.163015030541867
2020-05-01,New York,3942,289,CTP,moving_average,0.157291781694128
2020-05-01,New York,3942,289,CTP,GAM,0.152804824355162
2020-05-02,New York,4663,299,CTP,moving_average,0.145427215489043
2020-05-02,New York,4663,299,CTP,GAM,0.142965003769942
2020-05-03,New York,3438,280,CTP,moving_average,0.131346964950793
2020-05-03,New York,3438,280,CTP,GAM,0.133524688364501
2020-05-04,New York,2538,226,CTP,moving_average,0.122739487253976
2020-05-04,New York,2538,226,CTP,GAM,0.124513543161365
2020-05-05,New York,2239,230,CTP,moving_average,0.116508528437314
2020-05-05,New York,2239,230,CTP,GAM,0.115959364469778
2020-05-06,New York,2786,232,CTP,moving_average,0.110059360300353
2020-05-06,New York,2786,232,CTP,GAM,0.107885890693119
2020-05-07,New York,3671,951,CTP,moving_average,0.101718135667971
2020-05-07,New York,3671,951,CTP,GAM,0.100311026803815
2020-05-08,New York,2758,217,CTP,moving_average,0.0947413422585571
2020-05-08,New York,2758,217,CTP,GAM,0.0932456052965411
2020-05-09,New York,2715,226,CTP,moving_average,0.0884552571690684
2020-05-09,New York,2715,226,CTP,GAM,0.0866927328550613
2020-05-10,New York,2273,207,CTP,moving_average,0.0817564518791614
2020-05-10,New York,2273,207,CTP,GAM,0.0806477024425243
2020-05-11,New York,1660,162,CTP,moving_average,0.0770556777751815
2020-05-11,New York,1660,162,CTP,GAM,0.0750983948600149
2020-05-12,New York,1430,205,CTP,moving_average,0.0736096119054186
2020-05-12,New York,1430,205,CTP,GAM,0.0700260580403909
2020-05-13,New York,2176,168,CTP,moving_average,0.0695647433518473
2020-05-13,New York,2176,168,CTP,GAM,0.0654063380285298
2020-05-14,New York,2390,157,CTP,moving_average,0.065072705926665
2020-05-14,New York,2390,157,CTP,GAM,0.0612104403781379
2020-05-15,New York,2762,134,CTP,moving_average,0.0597110459073319
2020-05-15,New York,2762,134,CTP,GAM,0.0574063195632718
2020-05-16,New York,2419,174,CTP,moving_average,0.0556418443860529
2020-05-16,New York,2419,174,CTP,GAM,0.0539598208749318
2020-05-17,New York,1889,141,CTP,moving_average,0.0519963080844892
2020-05-17,New York,1889,141,CTP,GAM,0.0508357283365915
2020-05-18,New York,1250,110,CTP,moving_average,0.049184923739916
2020-05-18,New York,1250,110,CTP,GAM,0.0479986987657373
2020-05-19,New York,1474,114,CTP,moving_average,0.0470273601918954
2020-05-19,New York,1474,114,CTP,GAM,0.0454140830879181
2020-05-20,New York,1525,133,CTP,moving_average,0.0461754232580166
2020-05-20,New York,1525,133,CTP,GAM,0.0430486497243711
2020-05-21,New York,2088,107,CTP,moving_average,0.0449806976035526
2020-05-21,New York,2088,107,CTP,GAM,0.0408712309311277
2020-05-22,New York,1696,112,CTP,moving_average,0.0437237441913789
2020-05-22,New York,1696,112,CTP,GAM,0.0388533119579783
2020-05-23,New York,1772,87,CTP,moving_average,0.0413295725554944
2020-05-23,New York,1772,87,CTP,GAM,0.0369695761838021
2020-05-24,New York,1589,109,CTP,moving_average,0.039462736241531
2020-05-24,New York,1589,109,CTP,GAM,0.0351984089813565
2020-05-25,New York,1249,97,CTP,moving_average,0.038019915061597
2020-05-25,New York,1249,97,CTP,GAM,0.0335223515417538
2020-05-26,New York,1072,76,CTP,moving_average,0.0372566659991452
2020-05-26,New York,1072,76,CTP,GAM,0.0319284862536441
2020-03-04,New York,9,0,NYT,moving_average,0.701298701298701
2020-03-04,New York,9,0,NYT,GAM,0.0405488565142071
2020-03-05,New York,11,0,NYT,moving_average,0.701298701298701
2020-03-05,New York,11,0,NYT,GAM,0.0460283261892305
2020-03-06,New York,22,0,NYT,moving_average,0.1315625
2020-03-06,New York,22,0,NYT,GAM,0.0522123358495578
2020-03-07,New York,45,0,NYT,moving_average,0.158643657281259
2020-03-07,New York,45,0,NYT,GAM,0.0591873262877627
2020-03-08,New York,17,0,NYT,moving_average,0.138277693474962
2020-03-08,New York,17,0,NYT,GAM,0.0670498074826485
2020-03-09,New York,36,0,NYT,moving_average,0.172947387584198
2020-03-09,New York,36,0,NYT,GAM,0.0759052028253888
2020-03-10,New York,31,0,NYT,moving_average,0.235914515681377
2020-03-10,New York,31,0,NYT,GAM,0.0858654005972794
2020-03-11,New York,44,0,NYT,moving_average,0.163184215934781
2020-03-11,New York,44,0,NYT,GAM,0.0970446715977282
2020-03-12,New York,109,0,NYT,moving_average,0.186504723346829
2020-03-12,New York,109,0,NYT,GAM,0.109553648625429
2020-03-13,New York,95,0,NYT,moving_average,0.218998422468991
2020-03-13,New York,95,0,NYT,GAM,0.123491178832741
2020-03-14,New York,189,2,NYT,moving_average,0.227820444915254
2020-03-14,New York,189,2,NYT,GAM,0.138934084026428
2020-03-15,New York,122,4,NYT,moving_average,0.246468407558016
2020-03-15,New York,122,4,NYT,GAM,0.155925214190016
2020-03-16,New York,218,4,NYT,moving_average,0.26596834502894
2020-03-16,New York,218,4,NYT,GAM,0.1744606422247
2020-03-17,New York,425,8,NYT,moving_average,0.280361615185201
2020-03-17,New York,425,8,NYT,GAM,0.19447735954133
2020-03-18,New York,1012,14,NYT,moving_average,0.296839576026508
2020-03-18,New York,1012,14,NYT,GAM,0.215843269946444
2020-03-19,New York,1774,7,NYT,moving_average,0.304131498571382
2020-03-19,New York,1774,7,NYT,GAM,0.23835147594514
2020-03-20,New York,2952,29,NYT,moving_average,0.305400666918767
2020-03-20,New York,2952,29,NYT,GAM,0.261720643251981
2020-03-21,New York,3258,27,NYT,moving_average,0.339786818913929
2020-03-21,New York,3258,27,NYT,GAM,0.285602530661615
2020-03-22,New York,4817,47,NYT,moving_average,0.348929650946131
2020-03-22,New York,4817,47,NYT,GAM,0.30959664926513
2020-03-23,New York,5711,41,NYT,moving_average,0.362966069891168
2020-03-23,New York,5711,41,NYT,GAM,0.333270708460543
2020-03-24,New York,4804,73,NYT,moving_average,0.37480031848888
2020-03-24,New York,4804,73,NYT,GAM,0.356184374837047
2020-03-25,New York,7413,119,NYT,moving_average,0.383818340088172
2020-03-25,New York,7413,119,NYT,GAM,0.37791325844683
2020-03-26,New York,5941,127,NYT,moving_average,0.401122263424374
2020-03-26,New York,5941,127,NYT,GAM,0.398070135182963
2020-03-27,New York,5688,143,NYT,moving_average,0.41434124145805
2020-03-27,New York,5688,143,NYT,GAM,0.416321161693658
2020-03-28,New York,8771,290,NYT,moving_average,0.42438115560085
2020-03-28,New York,8771,290,NYT,GAM,0.43239598008391
2020-03-29,New York,6267,245,NYT,moving_average,0.434798690250464
2020-03-29,New York,6267,245,NYT,GAM,0.446091793894489
2020-03-30,New York,7679,332,NYT,moving_average,0.445322077020932
2020-03-30,New York,7679,332,NYT,GAM,0.457272424003251
2020-03-31,New York,8749,417,NYT,moving_average,0.450733280105742
2020-03-31,New York,8749,417,NYT,GAM,0.465863861797967
2020-04-01,New York,8152,486,NYT,moving_average,0.451473804507764
2020-04-01,New York,8152,486,NYT,GAM,0.471847918939822
2020-04-02,New York,8608,548,NYT,moving_average,0.448245218176138
2020-04-02,New York,8608,548,NYT,GAM,0.475255328509399
2020-04-03,New York,10680,753,NYT,moving_average,0.4505157532093
2020-04-03,New York,10680,753,NYT,GAM,0.476159225472793
2020-04-04,New York,12312,819,NYT,moving_average,0.460062934623188
2020-04-04,New York,12312,819,NYT,GAM,0.474669460985617
2020-04-05,New York,8122,800,NYT,moving_average,0.446158728289282
2020-04-05,New York,8122,800,NYT,GAM,0.470927785503275
2020-04-06,New York,7976,795,NYT,moving_average,0.442873622944016
2020-04-06,New York,7976,795,NYT,GAM,0.465103630233446
2020-04-07,New York,9642,1055,NYT,moving_average,0.43403214200048
2020-04-07,New York,9642,1055,NYT,GAM,0.457390051826269
2020-04-08,New York,9568,953,NYT,moving_average,0.4300898306247
2020-04-08,New York,9568,953,NYT,GAM,0.447999382995417
2020-04-09,New York,10765,1028,NYT,moving_average,0.420298514705838
2020-04-09,New York,10765,1028,NYT,GAM,0.437158234375556
2020-04-10,New York,10794,996,NYT,moving_average,0.410643873893819
2020-04-10,New York,10794,996,NYT,GAM,0.425101686571204
2020-04-11,New York,10160,997,NYT,moving_average,0.398405414092354
2020-04-11,New York,10160,997,NYT,GAM,0.412066749428174
2020-04-12,New York,8435,957,NYT,moving_average,0.386549437912881
2020-04-12,New York,8435,957,NYT,GAM,0.398285394950765
2020-04-13,New York,6548,882,NYT,moving_average,0.378432419227881
2020-04-13,New York,6548,882,NYT,GAM,0.383977641331076
2020-04-14,New York,7402,1003,NYT,moving_average,0.368328290422935
2020-04-14,New York,7402,1003,NYT,GAM,0.369345243280059
2020-04-15,New York,11755,936,NYT,moving_average,0.358728070707193
2020-04-15,New York,11755,936,NYT,GAM,0.354566516382262
2020-04-16,New York,8631,732,NYT,moving_average,0.34508883897124
2020-04-16,New York,8631,732,NYT,GAM,0.33979270367442
2020-04-17,New York,7532,804,NYT,moving_average,0.329255957559119
2020-04-17,New York,7532,804,NYT,GAM,0.325146113583323
2020-04-18,New York,7249,668,NYT,moving_average,0.310359399804828
2020-04-18,New York,7249,668,NYT,GAM,0.310720060708509
2020-04-19,New York,6199,652,NYT,moving_average,0.295268545709032
2020-04-19,New York,6199,652,NYT,GAM,0.296580462206408
2020-04-20,New York,4867,619,NYT,moving_average,0.28341207262671
2020-04-20,New York,4867,619,NYT,GAM,0.282768808108935
2020-04-21,New York,4324,628,NYT,moving_average,0.27295390263394
2020-04-21,New York,4324,628,NYT,GAM,0.26930614384238
2020-04-22,New York,5659,607,NYT,moving_average,0.261111914672495
2020-04-22,New York,5659,607,NYT,GAM,0.25619767419469
2020-04-23,New York,6341,565,NYT,moving_average,0.241823801998804
2020-04-23,New York,6341,565,NYT,GAM,0.2434376084742
2020-04-24,New York,8286,547,NYT,moving_average,0.228281665025912
2020-04-24,New York,8286,547,NYT,GAM,0.231013902617393
2020-04-25,New York,10683,567,NYT,moving_average,0.215978831042276
2020-04-25,New York,10683,567,NYT,GAM,0.218912603584478
2020-04-26,New York,6013,478,NYT,moving_average,0.204641236430316
2020-04-26,New York,6013,478,NYT,GAM,0.207121556942492
2020-04-27,New York,4077,463,NYT,moving_average,0.195422765583508
2020-04-27,New York,4077,463,NYT,GAM,0.195633297036642
2020-04-28,New York,3285,510,NYT,moving_average,0.186513702479255
2020-04-28,New York,3285,510,NYT,GAM,0.184447000723983
2020-04-29,New York,4718,510,NYT,moving_average,0.177788271404539
2020-04-29,New York,4718,510,NYT,GAM,0.173569451450751
2020-04-30,New York,4702,329,NYT,moving_average,0.167723975672368
2020-04-30,New York,4702,329,NYT,GAM,0.163015030541867
2020-05-01,New York,3879,225,NYT,moving_average,0.157291781694128
2020-05-01,New York,3879,225,NYT,GAM,0.152804824355162
2020-05-02,New York,4559,194,NYT,moving_average,0.145427215489043
2020-05-02,New York,4559,194,NYT,GAM,0.142965003769942
2020-05-03,New York,3699,541,NYT,moving_average,0.131346964950793
2020-05-03,New York,3699,541,NYT,GAM,0.133524688364501
2020-05-04,New York,2524,212,NYT,moving_average,0.122739487253976
2020-05-04,New York,2524,212,NYT,GAM,0.124513543161365
2020-05-05,New York,2302,240,NYT,moving_average,0.116508528437314
2020-05-05,New York,2302,240,NYT,GAM,0.115959364469778
2020-05-06,New York,2746,928,NYT,moving_average,0.110059360300353
2020-05-06,New York,2746,928,NYT,GAM,0.107885890693119
2020-05-07,New York,3526,250,NYT,moving_average,0.101718135667971
2020-05-07,New York,3526,250,NYT,GAM,0.100311026803815
2020-05-08,New York,2873,152,NYT,moving_average,0.0947413422585571
2020-05-08,New York,2873,152,NYT,GAM,0.0932456052965411
2020-05-09,New York,2715,226,NYT,moving_average,0.0884552571690684
2020-05-09,New York,2715,226,NYT,GAM,0.0866927328550613
2020-05-10,New York,2138,214,NYT,moving_average,0.0817564518791614
2020-05-10,New York,2138,214,NYT,GAM,0.0806477024425243
2020-05-11,New York,1610,205,NYT,moving_average,0.0770556777751815
2020-05-11,New York,1610,205,NYT,GAM,0.0750983948600149
2020-05-12,New York,1438,279,NYT,moving_average,0.0736096119054186
2020-05-12,New York,1438,279,NYT,GAM,0.0700260580403909
2020-05-13,New York,2123,166,NYT,moving_average,0.0695647433518473
2020-05-13,New York,2123,166,NYT,GAM,0.0654063380285298
2020-05-14,New York,2364,169,NYT,moving_average,0.065072705926665
2020-05-14,New York,2364,169,NYT,GAM,0.0612104403781379
2020-05-15,New York,2759,138,NYT,moving_average,0.0597110459073319
2020-05-15,New York,2759,138,NYT,GAM,0.0574063195632718
2020-05-16,New York,2185,198,NYT,moving_average,0.0556418443860529
2020-05-16,New York,2185,198,NYT,GAM,0.0539598208749318
2020-05-17,New York,1901,215,NYT,moving_average,0.0519963080844892
2020-05-17,New York,1901,215,NYT,GAM,0.0508357283365915
2020-05-18,New York,1241,134,NYT,moving_average,0.049184923739916
2020-05-18,New York,1241,134,NYT,GAM,0.0479986987657373
2020-05-19,New York,1479,135,NYT,moving_average,0.0470273601918954
2020-05-19,New York,1479,135,NYT,GAM,0.0454140830879181
2020-05-20,New York,1478,103,NYT,moving_average,0.0461754232580166
2020-05-20,New York,1478,103,NYT,GAM,0.0430486497243711
2020-05-21,New York,2078,123,NYT,moving_average,0.0449806976035526
2020-05-21,New York,2078,123,NYT,GAM,0.0408712309311277
2020-05-22,New York,1678,139,NYT,moving_average,0.0437237441913789
2020-05-22,New York,1678,139,NYT,GAM,0.0388533119579783
2020-05-23,New York,1754,98,NYT,moving_average,0.0413295725554944
2020-05-23,New York,1754,98,NYT,GAM,0.0369695761838021
2020-05-24,New York,1601,146,NYT,moving_average,0.039462736241531
2020-05-24,New York,1601,146,NYT,GAM,0.0351984089813565
2020-05-25,New York,1279,92,NYT,moving_average,0.038019915061597
2020-05-25,New York,1279,92,NYT,GAM,0.0335223515417538
2020-05-26,New York,1044,103,NYT,moving_average,0.0372566659991452
2020-05-26,New York,1044,103,NYT,GAM,0.0319284862536441
2020-03-08,Connecticut,1,0,CTP,moving_average,0.137931034482759
2020-03-08,Connecticut,1,0,CTP,GAM,0.0383445268344096
2020-03-09,Connecticut,0,0,CTP,moving_average,0.172185430463576
2020-03-09,Connecticut,0,0,CTP,GAM,0.0415615274751978
2020-03-10,Connecticut,1,0,CTP,moving_average,0.246987951807229
2020-03-10,Connecticut,1,0,CTP,GAM,0.0450588725347046
2020-03-11,Connecticut,1,0,CTP,moving_average,0.352331606217617
2020-03-11,Connecticut,1,0,CTP,GAM,0.0488794147829326
2020-03-12,Connecticut,3,0,CTP,moving_average,0.137142857142857
2020-03-12,Connecticut,3,0,CTP,GAM,0.0530758355382954
2020-03-13,Connecticut,0,0,CTP,moving_average,0.243107769423559
2020-03-13,Connecticut,0,0,CTP,GAM,0.0577104775225184
2020-03-14,Connecticut,5,0,CTP,moving_average,0.0843478260869565
2020-03-14,Connecticut,5,0,CTP,GAM,0.0628548022000244
2020-03-15,Connecticut,9,0,CTP,moving_average,0.0719354838709678
2020-03-15,Connecticut,9,0,CTP,GAM,0.0685883789483378
2020-03-16,Connecticut,6,0,CTP,moving_average,0.0926174496644295
2020-03-16,Connecticut,6,0,CTP,GAM,0.0749972689143186
2020-03-17,Connecticut,15,0,CTP,moving_average,0.11745669141443
2020-03-17,Connecticut,15,0,CTP,GAM,0.0821716262036435
2020-03-18,Connecticut,27,0,CTP,moving_average,0.149435124957206
2020-03-18,Connecticut,27,0,CTP,GAM,0.0902023180626004
2020-03-19,Connecticut,28,1,CTP,moving_average,0.153740667377724
2020-03-19,Connecticut,28,1,CTP,GAM,0.0991763818094097
2020-03-20,Connecticut,98,2,CTP,moving_average,0.154726068633353
2020-03-20,Connecticut,98,2,CTP,GAM,0.109171208439848
2020-03-21,Connecticut,0,1,CTP,moving_average,0.154912597950573
2020-03-21,Connecticut,0,1,CTP,GAM,0.120247486942589
2020-03-22,Connecticut,29,1,CTP,moving_average,0.168480108806528
2020-03-22,Connecticut,29,1,CTP,GAM,0.132441164961431
2020-03-23,Connecticut,192,5,CTP,moving_average,0.176478727084054
2020-03-23,Connecticut,192,5,CTP,GAM,0.14575496635076
2020-03-24,Connecticut,203,2,CTP,moving_average,0.193802324128452
2020-03-24,Connecticut,203,2,CTP,GAM,0.160150311974168
2020-03-25,Connecticut,257,7,CTP,moving_average,0.213946695874407
2020-03-25,Connecticut,257,7,CTP,GAM,0.175540744086136
2020-03-26,Connecticut,137,2,CTP,moving_average,0.207433589219639
2020-03-26,Connecticut,137,2,CTP,GAM,0.191788064450078
2020-03-27,Connecticut,279,6,CTP,moving_average,0.249443437742687
2020-03-27,Connecticut,279,6,CTP,GAM,0.208702276398138
2020-03-28,Connecticut,0,0,CTP,moving_average,0.239366963402572
2020-03-28,Connecticut,0,0,CTP,GAM,0.226046029850988
2020-03-29,Connecticut,702,7,CTP,moving_average,0.26137339055794
2020-03-29,Connecticut,702,7,CTP,GAM,0.24354364185051
2020-03-30,Connecticut,578,2,CTP,moving_average,0.283346052743153
2020-03-30,Connecticut,578,2,CTP,GAM,0.260894026092831
2020-03-31,Connecticut,557,33,CTP,moving_average,0.300211933485491
2020-03-31,Connecticut,557,33,CTP,GAM,0.277786194438072
2020-04-01,Connecticut,429,16,CTP,moving_average,0.301777890124705
2020-04-01,Connecticut,429,16,CTP,GAM,0.293915570431511
2020-04-02,Connecticut,267,27,CTP,moving_average,0.32274308071294
2020-04-02,Connecticut,267,27,CTP,GAM,0.308999289047035
2020-04-03,Connecticut,1090,19,CTP,moving_average,0.321270783447439
2020-04-03,Connecticut,1090,19,CTP,GAM,0.322788947392644
2020-04-04,Connecticut,362,34,CTP,moving_average,0.325124876714072
2020-04-04,Connecticut,362,34,CTP,GAM,0.33507981282496
2020-04-05,Connecticut,399,24,CTP,moving_average,0.327361365021328
2020-04-05,Connecticut,399,24,CTP,GAM,0.345716125527546
2020-04-06,Connecticut,1231,17,CTP,moving_average,0.351383874849579
2020-04-06,Connecticut,1231,17,CTP,GAM,0.354592695221888
2020-04-07,Connecticut,875,71,CTP,moving_average,0.365481258602478
2020-04-07,Connecticut,875,71,CTP,GAM,0.361653382933279
2020-04-08,Connecticut,0,0,CTP,moving_average,0.342111457659036
2020-04-08,Connecticut,0,0,CTP,GAM,0.36688724627982
2020-04-09,Connecticut,2003,103,CTP,moving_average,0.337522589124363
2020-04-09,Connecticut,2003,103,CTP,GAM,0.370323137902785
2020-04-10,Connecticut,754,68,CTP,moving_average,0.349416070179215
2020-04-10,Connecticut,754,68,CTP,GAM,0.372023441583376
2020-04-11,Connecticut,972,46,CTP,moving_average,0.335571416480943
2020-04-11,Connecticut,972,46,CTP,GAM,0.37207747486438
2020-04-12,Connecticut,525,60,CTP,moving_average,0.33921070086226
2020-04-12,Connecticut,525,60,CTP,GAM,0.37059493268321
2020-04-13,Connecticut,1346,48,CTP,moving_average,0.357648725212465
2020-04-13,Connecticut,1346,48,CTP,GAM,0.367699624216092
2020-04-14,Connecticut,608,69,CTP,moving_average,0.358715938783128
2020-04-14,Connecticut,608,69,CTP,GAM,0.363523674666181
2020-04-15,Connecticut,766,197,CTP,moving_average,0.359277921823786
2020-04-15,Connecticut,766,197,CTP,GAM,0.358202319790042
2020-04-16,Connecticut,1129,103,CTP,moving_average,0.360778125809566
2020-04-16,Connecticut,1129,103,CTP,GAM,0.351869400201762
2020-04-17,Connecticut,925,65,CTP,moving_average,0.348751726860075
2020-04-17,Connecticut,925,65,CTP,GAM,0.344653649920727
2020-04-18,Connecticut,0,0,CTP,moving_average,0.339933194558745
2020-04-18,Connecticut,0,0,CTP,GAM,0.336675857089594
2020-04-19,Connecticut,741,50,CTP,moving_average,0.344147073536768
2020-04-19,Connecticut,741,50,CTP,GAM,0.328046947302294
2020-04-20,Connecticut,2265,245,CTP,moving_average,0.342929698634397
2020-04-20,Connecticut,2265,245,CTP,GAM,0.318867000070077
2020-04-21,Connecticut,545,92,CTP,moving_average,0.26697084812949
2020-04-21,Connecticut,545,92,CTP,GAM,0.309225159559579
2020-04-22,Connecticut,2109,121,CTP,moving_average,0.260897972517712
2020-04-22,Connecticut,2109,121,CTP,GAM,0.299200347442052
2020-04-23,Connecticut,631,95,CTP,moving_average,0.275484145562886
2020-04-23,Connecticut,631,95,CTP,GAM,0.288862634912868
2020-04-24,Connecticut,821,125,CTP,moving_average,0.273257664156147
2020-04-24,Connecticut,821,125,CTP,GAM,0.278275088573509
2020-04-25,Connecticut,661,98,CTP,moving_average,0.266882464560777
2020-04-25,Connecticut,661,98,CTP,GAM,0.267495875575193
2020-04-26,Connecticut,687,62,CTP,moving_average,0.265314367119559
2020-04-26,Connecticut,687,62,CTP,GAM,0.256580400442216
2020-04-27,Connecticut,0,74,CTP,moving_average,0.265063233965673
2020-04-27,Connecticut,0,74,CTP,GAM,0.245583251226157
2020-04-28,Connecticut,1043,91,CTP,moving_average,0.235748412854244
2020-04-28,Connecticut,1043,91,CTP,GAM,0.234559756724356
2020-04-29,Connecticut,455,79,CTP,moving_average,0.225055549677283
2020-04-29,Connecticut,455,79,CTP,GAM,0.223566998663003
2020-04-30,Connecticut,933,89,CTP,moving_average,0.20137928052577
2020-04-30,Connecticut,933,89,CTP,GAM,0.212664180496313
2020-05-01,Connecticut,1064,82,CTP,moving_average,0.189849930674496
2020-05-01,Connecticut,1064,82,CTP,GAM,0.201912323209659
2020-05-02,Connecticut,0,0,CTP,moving_average,0.182976317861541
2020-05-02,Connecticut,0,0,CTP,GAM,0.191373331447242
2020-05-03,Connecticut,523,97,CTP,moving_average,0.170602776193193
2020-05-03,Connecticut,523,97,CTP,GAM,0.181108541897439
2020-05-04,Connecticut,0,59,CTP,moving_average,0.161223599066361
2020-05-04,Connecticut,0,59,CTP,GAM,0.171176921065157
2020-05-05,Connecticut,1334,138,CTP,moving_average,0.154641461791753
2020-05-05,Connecticut,1334,138,CTP,GAM,0.161633113360605
2020-05-06,Connecticut,374,85,CTP,moving_average,0.170186063189769
2020-05-06,Connecticut,374,85,CTP,GAM,0.152525547806344
2020-05-07,Connecticut,789,79,CTP,moving_average,0.158866725120561
2020-05-07,Connecticut,789,79,CTP,GAM,0.143894791914543
2020-05-08,Connecticut,627,77,CTP,moving_average,0.142662696724798
2020-05-08,Connecticut,627,77,CTP,GAM,0.135772298483929
2020-05-09,Connecticut,573,58,CTP,moving_average,0.123089088033737
2020-05-09,Connecticut,573,58,CTP,GAM,0.128179633273994
2020-05-10,Connecticut,570,35,CTP,moving_average,0.123027718550107
2020-05-10,Connecticut,570,35,CTP,GAM,0.121128208998809
2020-05-11,Connecticut,211,41,CTP,moving_average,0.117428776633948
2020-05-11,Connecticut,211,41,CTP,GAM,0.114619494037386
2020-05-12,Connecticut,568,33,CTP,moving_average,0.110120804075783
2020-05-12,Connecticut,568,33,CTP,GAM,0.108645620722332
2020-05-13,Connecticut,522,84,CTP,moving_average,0.102296679865976
2020-05-13,Connecticut,522,84,CTP,GAM,0.103190292609327
2020-05-14,Connecticut,609,94,CTP,moving_average,0.0966235294117647
2020-05-14,Connecticut,609,94,CTP,GAM,0.0982298835188056
2020-05-15,Connecticut,621,66,CTP,moving_average,0.0911855514543724
2020-05-15,Connecticut,621,66,CTP,GAM,0.0937346309326115
2020-05-16,Connecticut,618,54,CTP,moving_average,0.0866599867920661
2020-05-16,Connecticut,618,54,CTP,GAM,0.0896698479753794
2020-05-17,Connecticut,716,69,CTP,moving_average,0.0826349553369329
2020-05-17,Connecticut,716,69,CTP,GAM,0.0859971062949754
2020-05-18,Connecticut,697,41,CTP,moving_average,0.0799593593637337
2020-05-18,Connecticut,697,41,CTP,GAM,0.0826753714028699
2020-05-19,Connecticut,314,23,CTP,moving_average,0.0811812092101579
2020-05-19,Connecticut,314,23,CTP,GAM,0.0796620979499155
2020-05-20,Connecticut,587,57,CTP,moving_average,0.0801720766523269
2020-05-20,Connecticut,587,57,CTP,GAM,0.0769143115667877
2020-05-21,Connecticut,191,53,CTP,moving_average,0.0782343877018649
2020-05-21,Connecticut,191,53,CTP,GAM,0.0743897139894569
2020-05-22,Connecticut,432,55,CTP,moving_average,0.0770316622691293
2020-05-22,Connecticut,432,55,CTP,GAM,0.0720478480524252
2020-05-23,Connecticut,382,38,CTP,moving_average,0.0751288622685519
2020-05-23,Connecticut,382,38,CTP,GAM,0.0698513488230273
2020-05-24,Connecticut,446,18,CTP,moving_average,0.0758988235682347
2020-05-24,Connecticut,446,18,CTP,GAM,0.0677672881625646
2020-05-25,Connecticut,405,49,CTP,moving_average,0.0709341612638115
2020-05-25,Connecticut,405,49,CTP,GAM,0.0657685955480233
2020-05-26,Connecticut,430,27,CTP,moving_average,0.0668372375899167
2020-05-26,Connecticut,430,27,CTP,GAM,0.0638355132166382
2020-03-08,Connecticut,1,0,NYT,moving_average,0.137931034482759
2020-03-08,Connecticut,1,0,NYT,GAM,0.0383445268344096
2020-03-09,Connecticut,1,0,NYT,moving_average,0.172185430463576
2020-03-09,Connecticut,1,0,NYT,GAM,0.0415615274751978
2020-03-10,Connecticut,0,0,NYT,moving_average,0.246987951807229
2020-03-10,Connecticut,0,0,NYT,GAM,0.0450588725347046
2020-03-11,Connecticut,1,0,NYT,moving_average,0.352331606217617
2020-03-11,Connecticut,1,0,NYT,GAM,0.0488794147829326
2020-03-12,Connecticut,3,0,NYT,moving_average,0.137142857142857
2020-03-12,Connecticut,3,0,NYT,GAM,0.0530758355382954
2020-03-13,Connecticut,5,0,NYT,moving_average,0.243107769423559
2020-03-13,Connecticut,5,0,NYT,GAM,0.0577104775225184
2020-03-14,Connecticut,9,0,NYT,moving_average,0.0843478260869565
2020-03-14,Connecticut,9,0,NYT,GAM,0.0628548022000244
2020-03-15,Connecticut,6,0,NYT,moving_average,0.0719354838709678
2020-03-15,Connecticut,6,0,NYT,GAM,0.0685883789483378
2020-03-16,Connecticut,15,0,NYT,moving_average,0.0926174496644295
2020-03-16,Connecticut,15,0,NYT,GAM,0.0749972689143186
2020-03-17,Connecticut,27,0,NYT,moving_average,0.11745669141443
2020-03-17,Connecticut,27,0,NYT,GAM,0.0821716262036435
2020-03-18,Connecticut,28,1,NYT,moving_average,0.149435124957206
2020-03-18,Connecticut,28,1,NYT,GAM,0.0902023180626004
2020-03-19,Connecticut,63,3,NYT,moving_average,0.153740667377724
2020-03-19,Connecticut,63,3,NYT,GAM,0.0991763818094097
2020-03-20,Connecticut,35,0,NYT,moving_average,0.154726068633353
2020-03-20,Connecticut,35,0,NYT,GAM,0.109171208439848
2020-03-21,Connecticut,29,1,NYT,moving_average,0.154912597950573
2020-03-21,Connecticut,29,1,NYT,GAM,0.120247486942589
2020-03-22,Connecticut,104,3,NYT,moving_average,0.168480108806528
2020-03-22,Connecticut,104,3,NYT,GAM,0.132441164961431
2020-03-23,Connecticut,88,2,NYT,moving_average,0.176478727084054
2020-03-23,Connecticut,88,2,NYT,GAM,0.14575496635076
2020-03-24,Connecticut,203,2,NYT,moving_average,0.193802324128452
2020-03-24,Connecticut,203,2,NYT,GAM,0.160150311974168
2020-03-25,Connecticut,257,7,NYT,moving_average,0.213946695874407
2020-03-25,Connecticut,257,7,NYT,GAM,0.175540744086136
2020-03-26,Connecticut,137,2,NYT,moving_average,0.207433589219639
2020-03-26,Connecticut,137,2,NYT,GAM,0.191788064450078
2020-03-27,Connecticut,279,6,NYT,moving_average,0.249443437742687
2020-03-27,Connecticut,279,6,NYT,GAM,0.208702276398138
2020-03-28,Connecticut,233,6,NYT,moving_average,0.239366963402572
2020-03-28,Connecticut,233,6,NYT,GAM,0.226046029850988
2020-03-29,Connecticut,469,1,NYT,moving_average,0.26137339055794
2020-03-29,Connecticut,469,1,NYT,GAM,0.24354364185051
2020-03-30,Connecticut,578,2,NYT,moving_average,0.283346052743153
2020-03-30,Connecticut,578,2,NYT,GAM,0.260894026092831
2020-03-31,Connecticut,557,33,NYT,moving_average,0.300211933485491
2020-03-31,Connecticut,557,33,NYT,GAM,0.277786194438072
2020-04-01,Connecticut,429,16,NYT,moving_average,0.301777890124705
2020-04-01,Connecticut,429,16,NYT,GAM,0.293915570431511
2020-04-02,Connecticut,267,27,NYT,moving_average,0.32274308071294
2020-04-02,Connecticut,267,27,NYT,GAM,0.308999289047035
2020-04-03,Connecticut,1091,20,NYT,moving_average,0.321270783447439
2020-04-03,Connecticut,1091,20,NYT,GAM,0.322788947392644
2020-04-04,Connecticut,361,33,NYT,moving_average,0.325124876714072
2020-04-04,Connecticut,361,33,NYT,GAM,0.33507981282496
2020-04-05,Connecticut,399,24,NYT,moving_average,0.327361365021328
2020-04-05,Connecticut,399,24,NYT,GAM,0.345716125527546
2020-04-06,Connecticut,1231,17,NYT,moving_average,0.351383874849579
2020-04-06,Connecticut,1231,17,NYT,GAM,0.354592695221888
2020-04-07,Connecticut,875,71,NYT,moving_average,0.365481258602478
2020-04-07,Connecticut,875,71,NYT,GAM,0.361653382933279
2020-04-08,Connecticut,1000,58,NYT,moving_average,0.342111457659036
2020-04-08,Connecticut,1000,58,NYT,GAM,0.36688724627982
2020-04-09,Connecticut,1003,45,NYT,moving_average,0.337522589124363
2020-04-09,Connecticut,1003,45,NYT,GAM,0.370323137902785
2020-04-10,Connecticut,754,68,NYT,moving_average,0.349416070179215
2020-04-10,Connecticut,754,68,NYT,GAM,0.372023441583376
2020-04-11,Connecticut,972,46,NYT,moving_average,0.335571416480943
2020-04-11,Connecticut,972,46,NYT,GAM,0.37207747486438
2020-04-12,Connecticut,525,60,NYT,moving_average,0.33921070086226
2020-04-12,Connecticut,525,60,NYT,GAM,0.37059493268321
2020-04-13,Connecticut,1346,48,NYT,moving_average,0.357648725212465
2020-04-13,Connecticut,1346,48,NYT,GAM,0.367699624216092
2020-04-14,Connecticut,608,69,NYT,moving_average,0.358715938783128
2020-04-14,Connecticut,608,69,NYT,GAM,0.363523674666181
2020-04-15,Connecticut,766,197,NYT,moving_average,0.359277921823786
2020-04-15,Connecticut,766,197,NYT,GAM,0.358202319790042
2020-04-16,Connecticut,1129,103,NYT,moving_average,0.360778125809566
2020-04-16,Connecticut,1129,103,NYT,GAM,0.351869400201762
2020-04-17,Connecticut,925,65,NYT,moving_average,0.348751726860075
2020-04-17,Connecticut,925,65,NYT,GAM,0.344653649920727
2020-04-18,Connecticut,741,50,NYT,moving_average,0.339933194558745
2020-04-18,Connecticut,741,50,NYT,GAM,0.336675857089594
2020-04-19,Connecticut,412,41,NYT,moving_average,0.344147073536768
2020-04-19,Connecticut,412,41,NYT,GAM,0.328046947302294
2020-04-20,Connecticut,1853,204,NYT,moving_average,0.342929698634397
2020-04-20,Connecticut,1853,204,NYT,GAM,0.318867000070077
2020-04-21,Connecticut,545,92,NYT,moving_average,0.26697084812949
2020-04-21,Connecticut,545,92,NYT,GAM,0.309225159559579
2020-04-22,Connecticut,2109,121,NYT,moving_average,0.260897972517712
2020-04-22,Connecticut,2109,121,NYT,GAM,0.299200347442052
2020-04-23,Connecticut,631,95,NYT,moving_average,0.275484145562886
2020-04-23,Connecticut,631,95,NYT,GAM,0.288862634912868
2020-04-24,Connecticut,821,125,NYT,moving_average,0.273257664156147
2020-04-24,Connecticut,821,125,NYT,GAM,0.278275088573509
2020-04-25,Connecticut,661,98,NYT,moving_average,0.266882464560777
2020-04-25,Connecticut,661,98,NYT,GAM,0.267495875575193
2020-04-26,Connecticut,687,63,NYT,moving_average,0.265314367119559
2020-04-26,Connecticut,687,63,NYT,GAM,0.256580400442216
2020-04-27,Connecticut,728,87,NYT,moving_average,0.265063233965673
2020-04-27,Connecticut,728,87,NYT,GAM,0.245583251226157
2020-04-28,Connecticut,315,77,NYT,moving_average,0.235748412854244
2020-04-28,Connecticut,315,77,NYT,GAM,0.234559756724356
2020-04-29,Connecticut,455,79,NYT,moving_average,0.225055549677283
2020-04-29,Connecticut,455,79,NYT,GAM,0.223566998663003
2020-04-30,Connecticut,933,89,NYT,moving_average,0.20137928052577
2020-04-30,Connecticut,933,89,NYT,GAM,0.212664180496313
2020-05-01,Connecticut,1064,82,NYT,moving_average,0.189849930674496
2020-05-01,Connecticut,1064,82,NYT,GAM,0.201912323209659
2020-05-02,Connecticut,523,97,NYT,moving_average,0.182976317861541
2020-05-02,Connecticut,523,97,NYT,GAM,0.191373331447242
2020-05-03,Connecticut,0,0,NYT,moving_average,0.170602776193193
2020-05-03,Connecticut,0,0,NYT,GAM,0.181108541897439
2020-05-04,Connecticut,686,120,NYT,moving_average,0.161223599066361
2020-05-04,Connecticut,686,120,NYT,GAM,0.171176921065157
2020-05-05,Connecticut,648,77,NYT,moving_average,0.154641461791753
2020-05-05,Connecticut,648,77,NYT,GAM,0.161633113360605
2020-05-06,Connecticut,374,85,NYT,moving_average,0.170186063189769
2020-05-06,Connecticut,374,85,NYT,GAM,0.152525547806344
2020-05-07,Connecticut,789,79,NYT,moving_average,0.158866725120561
2020-05-07,Connecticut,789,79,NYT,GAM,0.143894791914543
2020-05-08,Connecticut,627,77,NYT,moving_average,0.142662696724798
2020-05-08,Connecticut,627,77,NYT,GAM,0.135772298483929
2020-05-09,Connecticut,573,58,NYT,moving_average,0.123089088033737
2020-05-09,Connecticut,573,58,NYT,GAM,0.128179633273994
2020-05-10,Connecticut,570,35,NYT,moving_average,0.123027718550107
2020-05-10,Connecticut,570,35,NYT,GAM,0.121128208998809
2020-05-11,Connecticut,211,41,NYT,moving_average,0.117428776633948
2020-05-11,Connecticut,211,41,NYT,GAM,0.114619494037386
2020-05-12,Connecticut,568,33,NYT,moving_average,0.110120804075783
2020-05-12,Connecticut,568,33,NYT,GAM,0.108645620722332
2020-05-13,Connecticut,522,84,NYT,moving_average,0.102296679865976
2020-05-13,Connecticut,522,84,NYT,GAM,0.103190292609327
2020-05-14,Connecticut,609,94,NYT,moving_average,0.0966235294117647
2020-05-14,Connecticut,609,94,NYT,GAM,0.0982298835188056
2020-05-15,Connecticut,621,66,NYT,moving_average,0.0911855514543724
2020-05-15,Connecticut,621,66,NYT,GAM,0.0937346309326115
2020-05-16,Connecticut,618,54,NYT,moving_average,0.0866599867920661
2020-05-16,Connecticut,618,54,NYT,GAM,0.0896698479753794
2020-05-17,Connecticut,716,69,NYT,moving_average,0.0826349553369329
2020-05-17,Connecticut,716,69,NYT,GAM,0.0859971062949754
2020-05-18,Connecticut,697,41,NYT,moving_average,0.0799593593637337
2020-05-18,Connecticut,697,41,NYT,GAM,0.0826753714028699
2020-05-19,Connecticut,314,23,NYT,moving_average,0.0811812092101579
2020-05-19,Connecticut,314,23,NYT,GAM,0.0796620979499155
2020-05-20,Connecticut,587,57,NYT,moving_average,0.0801720766523269
2020-05-20,Connecticut,587,57,NYT,GAM,0.0769143115667877
2020-05-21,Connecticut,191,53,NYT,moving_average,0.0782343877018649
2020-05-21,Connecticut,191,53,NYT,GAM,0.0743897139894569
2020-05-22,Connecticut,432,55,NYT,moving_average,0.0770316622691293
2020-05-22,Connecticut,432,55,NYT,GAM,0.0720478480524252
2020-05-23,Connecticut,382,38,NYT,moving_average,0.0751288622685519
2020-05-23,Connecticut,382,38,NYT,GAM,0.0698513488230273
2020-05-24,Connecticut,446,18,NYT,moving_average,0.0758988235682347
2020-05-24,Connecticut,446,18,NYT,GAM,0.0677672881625646
2020-05-25,Connecticut,405,49,NYT,moving_average,0.0709341612638115
2020-05-25,Connecticut,405,49,NYT,GAM,0.0657685955480233
2020-05-26,Connecticut,430,27,NYT,moving_average,0.0668372375899167
2020-05-26,Connecticut,430,27,NYT,GAM,0.0638355132166382
